id,price
25660,120000.0
25661,109000.0
25662,75000.0
25663,57501.0
25664,55500.0
25665,299000.0
25666,143132.0
25667,51000.0
25668,300028.0
25669,85742.0
25670,125000.0
25671,120000.0
25672,302780.0
25673,60556.0
25674,130000.0
25675,280000.0
25676,113405.0
25677,99092.0
25678,72000.0
25679,41288.0
25680,66061.0
25681,83953.0
25682,235000.0
25683,110102.0
25684,66061.0
25685,60556.0
25686,120000.0
25687,37710.0
25688,52000.0
25689,54500.0
25690,65900.0
25691,225000.0
25692,75000.0
25693,35783.0
25694,95000.0
25695,145885.0
25696,170658.0
25697,28902.0
25698,127000.0
25699,230000.0
25700,123039.0
25701,320000.0
25702,47000.0
25703,55000.0
25704,82576.0
25705,68900.0
25706,126617.0
25707,59000.0
25708,330000.0
25709,61000.0
25710,24498.0
25711,165153.0
25712,1250000.0
25713,115000.0
25714,79500.0
25715,270000.0
25716,75000.0
25717,145000.0
25718,42000.0
25719,88081.0
25720,120000.0
25721,97000.0
25722,129900.0
25723,1111111.0
25724,108000.0
25725,96339.0
25726,74319.0
25727,84000.0
25728,68000.0
25729,420000.0
25730,83953.0
25731,130000.0
25732,24773.0
25733,70000.0
25734,465134.0
25735,275000.0
25736,57803.0
25737,110000.0
25738,79000.0
25739,26424.0
25740,72000.0
25741,63000.0
25742,107500.0
25743,49546.0
25744,206441.0
25745,103220.0
25746,446000.0
25747,75695.0
25748,353726.0
25749,103500.0
25750,110102.0
25751,52805.0
25752,70740.0
25753,149000.0
25754,171000.0
25755,220000.0
25756,68814.0
25757,127000.0
25758,31500.0
25759,50000.0
25760,101844.0
25761,120000.0
25762,154143.0
25763,275000.0
25764,65900.0
25765,136526.0
25766,135000.0
25767,60556.0
25768,160000.0
25769,135000.0
25770,93587.0
25771,210000.0
25772,214699.0
25773,178915.0
25774,115000.0
25775,96339.0
25776,96339.0
25777,86000.0
25778,105165.0
25779,545004.0
25780,53900.0
25781,60000.0
25782,225000.0
25783,248000.0
25784,578035.0
25785,225000.0
25786,79500.0
25787,115000.0
25788,49546.0
25789,112854.0
25790,85000.0
25791,630000.0
25792,160000.0
25793,22571.0
25794,78000.0
25795,62000.0
25796,100000.0
25797,2350000.0
25798,149900.0
25799,80000.0
25800,58000.0
25801,54000.0
25802,380000.0
25803,1073493.0
25804,750000.0
25805,43353.0
25806,410129.0
25807,57803.0
25808,125000.0
25809,95000.0
25810,315000.0
25811,42000.0
25812,80000.0
25813,130000.0
25814,269750.0
25815,129000.0
25816,55000.0
25817,175000.0
25818,61932.0
25819,150000.0
25820,87000.0
25821,45417.0
25822,47000.0
25823,79000.0
25824,280000.0
25825,103500.0
25826,81000.0
25827,217451.0
25828,250000.0
25829,69000.0
25830,45417.0
25831,200936.0
25832,82000.0
25833,34407.0
25834,90000.0
25835,309900.0
25836,17892.0
25837,74000.0
25838,123865.0
25839,63000.0
25840,145000.0
25841,79000.0
25842,95000.0
25843,79000.0
25844,99900.0
25845,115607.0
25846,80000.0
25847,80000.0
25848,88000.0
25849,70000.0
25850,102384.0
25851,190000.0
25852,70190.0
25853,63900.0
25854,129000.0
25855,89458.0
25856,255987.0
25857,104597.0
25858,140380.0
25859,66061.0
25860,35000.0
25861,47000.0
25862,90000.0
25863,249900.0
25864,289000.0
25865,85054.0
25866,134411.0
25867,70000.0
25868,130000.0
25869,85000.0
25870,108000.0
25871,410000.0
25872,49546.0
25873,47000.0
25874,160000.0
25875,179800.0
25876,120000.0
25877,230000.0
25878,61500.0
25879,80000.0
25880,95000.0
25881,330306.0
25882,220000.0
25883,74319.0
25884,50500.0
25885,55000.0
25886,205000.0
25887,48900.0
25888,77000.0
25889,48170.0
25890,192678.0
25891,71500.0
25892,830000.0
25893,240000.0
25894,135000.0
25895,78900.0
25896,90834.0
25897,130000.0
25898,150000.0
25899,200936.0
25900,63309.0
25901,250000.0
25902,55051.0
25903,76000.0
25904,1480000.0
25905,88081.0
25906,152766.0
25907,101844.0
25908,38536.0
25909,90000.0
25910,330306.0
25911,37159.0
25912,93000.0
25913,130000.0
25914,93000.0
25915,79000.0
25916,1150564.0
25917,35000.0
25918,46793.0
25919,140380.0
25920,85000.0
25921,129000.0
25922,590000.0
25923,260000.0
25924,47619.0
25925,150000.0
25926,180000.0
25927,225000.0
25928,150000.0
25929,86705.0
25930,88081.0
25931,104596.0
25932,59900.0
25933,205000.0
25934,120000.0
25935,950000.0
25936,84000.0
25937,144000.0
25938,112000.0
25939,87000.0
25940,60000.0
25941,62000.0
25942,115000.0
25943,410000.0
25944,115607.0
25945,92000.0
25946,95000.0
25947,250000.0
25948,59000.0
25949,245000.0
25950,75000.0
25951,66061.0
25952,41288.0
25953,51430.0
25954,70000.0
25955,35783.0
25956,68814.0
25957,85000.0
25958,57000.0
25959,269750.0
25960,113000.0
25961,108900.0
25962,200000.0
25963,137000.0
25964,105000.0
25965,830000.0
25966,135000.0
25967,37159.0
25968,780000.0
25969,76000.0
25970,105000.0
25971,159000.0
25972,79000.0
25973,132122.0
25974,60900.0
25975,100000.0
25976,66000.0
25977,74000.0
25978,85329.0
25979,320000.0
25980,192678.0
25981,37500.0
25982,44041.0
25983,300000.0
25984,78000.0
25985,55000.0
25986,114231.0
25987,133000.0
25988,132952.0
25989,150000.0
25990,134875.0
25991,330306.0
25992,128819.0
25993,54500.0
25994,13000.0
25995,97000.0
25996,86000.0
25997,50000.0
25998,312414.0
25999,66061.0
26000,230000.0
26001,99000.0
26002,59000.0
26003,82576.0
26004,104597.0
26005,82000.0
26006,85000.0
26007,159648.0
26008,109000.0
26009,250000.0
26010,92500.0
26011,61932.0
26012,450000.0
26013,115000.0
26014,99000.0
26015,120919.0
26016,210000.0
26017,135000.0
26018,49000.0
26019,132122.0
26020,248000.0
26021,125000.0
26022,73900.0
26023,340000.0
26024,205713.0
26025,90000.0
26026,83000.0
26027,100000.0
26028,113500.0
26029,290000.0
26030,48000.0
26031,31654.0
26032,601431.0
26033,33031.0
26034,154143.0
26035,298000.0
26036,96339.0
26037,229000.0
26038,195000.0
26039,94500.0
26040,104046.0
26041,136000.0
26042,100468.0
26043,330305.0
26044,137500.0
26045,90000.0
26046,580000.0
26047,160000.0
26048,78900.0
26049,90834.0
26050,95000.0
26051,80000.0
26052,220000.0
26053,49500.0
26054,91109.0
26055,390000.0
26056,114905.0
26057,264244.0
26058,150000.0
26059,132000.0
26060,65000.0
26061,371594.0
26062,77071.0
26063,110000.0
26064,385356.0
26065,70000.0
26066,213000.0
26067,380000.0
26068,129900.0
26069,95000.0
26070,92000.0
26071,70190.0
26072,73900.0
26073,56427.0
26074,95000.0
26075,114900.0
26076,53000.0
26077,83000.0
26078,199000.0
26079,50922.0
26080,49500.0
26081,41288.0
26082,79500.0
26083,85000.0
26084,165000.0
26085,89000.0
26086,145000.0
26087,280000.0
26088,85000.0
26089,240000.0
26090,137627.0
26091,115607.0
26092,100000.0
26093,67000.0
26094,710000.0
26095,181668.0
26096,101844.0
26097,130000.0
26098,96339.0
26099,105000.0
26100,270000.0
26101,158000.0
26102,225000.0
26103,155000.0
26104,157300.0
26105,188000.0
26106,79824.0
26107,165000.0
26108,59000.0
26109,140380.0
26110,109000.0
26111,83000.0
26112,261492.0
26113,345000.0
26114,69000.0
26115,200000.0
26116,780000.0
26117,140000.0
26118,64685.0
26119,137500.0
26120,79800.0
26121,275000.0
26122,174787.0
26123,480000.0
26124,57803.0
26125,235000.0
26126,65000.0
26127,82000.0
26128,77000.0
26129,82576.0
26130,56000.0
26131,206441.0
26132,71900.0
26133,54000.0
26134,92000.0
26135,66061.0
26136,165000.0
26137,302780.0
26138,75000.0
26139,95000.0
26140,95000.0
26141,57803.0
26142,46590.0
26143,158000.0
26144,46133.0
26145,200936.0
26146,156895.0
26147,210000.0
26148,170000.0
26149,245000.0
26150,153000.0
26151,65000.0
26152,72000.0
26153,190000.0
26154,33031.0
26155,97000.0
26156,261492.0
26157,357831.0
26158,44041.0
26159,65900.0
26160,151390.0
26161,154803.0
26162,149000.0
26163,53000.0
26164,357831.0
26165,164602.0
26166,182000.0
26167,378143.0
26168,87000.0
26169,130000.0
26170,39912.0
26171,1450000.0
26172,310000.0
26173,2700000.0
26174,62000.0
26175,125000.0
26176,79824.0
26177,330000.0
26178,53675.0
26179,97440.0
26180,155000.0
26181,420000.0
26182,115000.0
26183,169083.0
26184,590000.0
26185,99092.0
26186,90000.0
26187,70000.0
26188,215000.0
26189,302780.0
26190,123865.0
26191,85000.0
26192,320000.0
26193,75000.0
26194,105973.0
26195,118900.0
26196,104597.0
26197,54000.0
26198,96339.0
26199,112000.0
26200,132122.0
26201,71566.0
26202,85000.0
26203,121663.0
26204,40187.0
26205,60000.0
26206,75000.0
26207,79000.0
26208,108676.0
26209,250000.0
26210,70000.0
26211,633086.0
26212,69000.0
26213,133000.0
26214,172368.0
26215,90834.0
26216,100000.0
26217,109551.0
26218,310000.0
26219,123865.0
26220,45417.0
26221,105000.0
26222,50922.0
26223,59000.0
26224,135000.0
26225,100000.0
26226,140000.0
26227,330000.0
26228,125000.0
26229,87000.0
26230,90834.0
26231,78000.0
26232,75000.0
26233,250000.0
26234,38536.0
26235,260000.0
26236,41288.0
26237,105000.0
26238,103000.0
26239,38536.0
26240,175000.0
26241,45417.0
26242,96339.0
26243,355078.0
26244,509221.0
26245,289017.0
26246,900000.0
26247,230000.0
26248,71500.0
26249,119800.0
26250,90000.0
26251,107322.0
26252,78000.0
26253,1390000.0
26254,65786.0
26255,191577.0
26256,220000.0
26257,139000.0
26258,85000.0
26259,154900.0
26260,110000.0
26261,650000.0
26262,185000.0
26263,74319.0
26264,72000.0
26265,74319.0
26266,79000.0
26267,55000.0
26268,800000.0
26269,220000.0
26270,219000.0
26271,77500.0
26272,132122.0
26273,135000.0
26274,250000.0
26275,69900.0
26276,149730.0
26277,150000.0
26278,139900.0
26279,35233.0
26280,205000.0
26281,113558.0
26282,70000.0
26283,150000.0
26284,130000.0
26285,76000.0
26286,160000.0
26287,190000.0
26288,65900.0
26289,39912.0
26290,45417.0
26291,110000.0
26292,605560.0
26293,350000.0
26294,54000.0
26295,67437.0
26296,650000.0
26297,180000.0
26298,98000.0
26299,95000.0
26300,149000.0
26301,515000.0
26302,86705.0
26303,77071.0
26304,237937.0
26305,125000.0
26306,80000.0
26307,110102.0
26308,320000.0
26309,104734.0
26310,122000.0
26311,43490.0
26312,94963.0
26313,87000.0
26314,95000.0
26315,75000.0
26316,49500.0
26317,115607.0
26318,45142.0
26319,96400.0
26320,85000.0
26321,646848.0
26322,187173.0
26323,135000.0
26324,134000.0
26325,85329.0
26326,41288.0
26327,875000.0
26328,192678.0
26329,96339.0
26330,75000.0
26331,720000.0
26332,47000.0
26333,236719.0
26334,187173.0
26335,61800.0
26336,33031.0
26337,40500.0
26338,94500.0
26339,68814.0
26340,120000.0
26341,344068.0
26342,96614.0
26343,43353.0
26344,141351.0
26345,34407.0
26346,41288.0
26347,143000.0
26348,250000.0
26349,82301.0
26350,105000.0
26351,164000.0
26352,146000.0
26353,174466.0
26354,230000.0
26355,70000.0
26356,112000.0
26357,95000.0
26358,188000.0
26359,250000.0
26360,78000.0
26361,123865.0
26362,334000.0
26363,275255.0
26364,158667.0
26365,261492.0
26366,135000.0
26367,100000.0
26368,175000.0
26369,99000.0
26370,55000.0
26371,359000.0
26372,95000.0
26373,100000.0
26374,107000.0
26375,1300000.0
26376,74000.0
26377,46793.0
26378,81200.0
26379,290000.0
26380,77000.0
26381,68000.0
26382,41288.0
26383,412882.0
26384,117000.0
26385,192000.0
26386,74319.0
26387,350000.0
26388,90834.0
26389,106000.0
26390,62000.0
26391,1680000.0
26392,272000.0
26393,187173.0
26394,120000.0
26395,44013.0
26396,88081.0
26397,66061.0
26398,89000.0
26399,190000.0
26400,94000.0
26401,75000.0
26402,95000.0
26403,115000.0
26404,359000.0
26405,112854.0
26406,120000.0
26407,114231.0
26408,189000.0
26409,179000.0
26410,205000.0
26411,79824.0
26412,133498.0
26413,820000.0
26414,105000.0
26415,113300.0
26416,238000.0
26417,85000.0
26418,230000.0
26419,133000.0
26420,163776.0
26421,1490000.0
26422,164500.0
26423,83000.0
26424,250000.0
26425,290000.0
26426,93587.0
26427,425000.0
26428,170000.0
26429,225000.0
26430,175000.0
26431,290007.0
26432,125000.0
26433,80000.0
26434,90834.0
26435,590000.0
26436,164900.0
26437,61932.0
26438,95000.0
26439,95000.0
26440,38536.0
26441,158307.0
26442,49500.0
26443,115000.0
26444,124000.0
26445,249000.0
26446,260000.0
26447,96000.0
26448,34000.0
26449,795000.0
26450,42664.0
26451,125000.0
26452,95000.0
26453,86900.0
26454,120000.0
26455,236719.0
26456,94963.0
26457,1480000.0
26458,151390.0
26459,75000.0
26460,92000.0
26461,80000.0
26462,108000.0
26463,179900.0
26464,350000.0
26465,88081.0
26466,240000.0
26467,109000.0
26468,260000.0
26469,100000.0
26470,74319.0
26471,240000.0
26472,220204.0
26473,99900.0
26474,415000.0
26475,1250000.0
26476,495000.0
26477,85000.0
26478,270000.0
26479,285000.0
26480,115000.0
26481,330000.0
26482,60000.0
26483,229000.0
26484,49546.0
26485,245000.0
26486,229000.0
26487,245000.0
26488,96000.0
26489,27525.0
26490,55051.0
26491,325000.0
26492,74000.0
26493,289000.0
26494,119900.0
26495,77000.0
26496,132000.0
26497,110102.0
26498,115000.0
26499,45417.0
26500,119000.0
26501,68000.0
26502,52298.0
26503,90834.0
26504,161249.0
26505,60556.0
26506,110102.0
26507,54000.0
26508,82900.0
26509,49546.0
26510,90834.0
26511,187173.0
26512,299000.0
26513,129000.0
26514,82900.0
26515,73900.0
26516,42664.0
26517,154900.0
26518,74319.0
26519,132122.0
26520,99000.0
26521,320000.0
26522,77000.0
26523,118900.0
26524,135000.0
26525,64900.0
26526,198000.0
26527,72942.0
26528,38536.0
26529,415000.0
26530,570000.0
26531,51000.0
26532,65000.0
26533,280000.0
26534,144509.0
26535,210000.0
26536,137627.0
26537,123865.0
26538,170000.0
26539,45417.0
26540,116000.0
26541,130000.0
26542,159372.0
26543,125000.0
26544,95000.0
26545,630000.0
26546,84000.0
26547,175000.0
26548,80000.0
26549,149999.0
26550,55051.0
26551,90834.0
26552,435000.0
26553,155000.0
26554,123000.0
26555,195000.0
26556,63309.0
26557,51900.0
26558,240000.0
26559,182000.0
26560,410000.0
26561,49546.0
26562,239472.0
26563,75695.0
26564,86705.0
26565,115607.0
26566,125000.0
26567,175000.0
26568,158000.0
26569,160000.0
26570,39000.0
26571,180000.0
26572,110000.0
26573,45417.0
26574,459000.0
26575,94963.0
26576,49500.0
26577,37000.0
26578,139000.0
26579,71566.0
26580,159000.0
26581,399119.0
26582,30829.0
26583,640000.0
26584,115607.0
26585,275000.0
26586,145000.0
26587,57000.0
26588,182500.0
26589,48170.0
26590,77000.0
26591,61000.0
26592,179972.0
26593,115000.0
26594,65000.0
26595,54000.0
26596,82000.0
26597,140380.0
26598,79000.0
26599,69000.0
26600,75000.0
26601,445000.0
26602,97000.0
26603,78000.0
26604,100000.0
26605,55000.0
26606,33000.0
26607,75000.0
26608,106000.0
26609,55051.0
26610,74319.0
26611,220204.0
26612,112400.0
26613,115000.0
26614,109000.0
26615,109000.0
26616,68814.0
26617,165000.0
26618,47000.0
26619,71566.0
26620,87000.0
26621,450000.0
26622,249000.0
26623,159648.0
26624,85000.0
26625,151390.0
26626,306000.0
26627,56427.0
26628,114000.0
26629,270000.0
26630,217451.0
26631,76000.0
26632,135000.0
26633,215000.0
26634,63309.0
26635,72000.0
26636,150000.0
26637,54500.0
26638,119000.0
26639,180000.0
26640,37159.0
26641,137500.0
26642,82000.0
26643,140661.0
26644,61500.0
26645,135000.0
26646,44041.0
26647,156895.0
26648,175000.0
26649,120000.0
26650,55000.0
26651,217451.0
26652,115607.0
26653,210000.0
26654,97000.0
26655,330306.0
26656,180000.0
26657,750000.0
26658,52298.0
26659,230113.0
26660,71566.0
26661,495000.0
26662,61932.0
26663,85000.0
26664,90834.0
26665,860000.0
26666,215000.0
26667,109900.0
26668,575931.0
26669,265000.0
26670,188549.0
26671,220204.0
26672,230000.0
26673,148000.0
26674,227600.0
26675,163776.0
26676,33856.0
26677,82000.0
26678,670000.0
26679,95000.0
26680,35783.0
26681,310000.0
26682,165000.0
26683,46793.0
26684,55051.0
26685,128000.0
26686,90000.0
26687,99000.0
26688,69900.0
26689,93587.0
26690,77071.0
26691,53000.0
26692,85000.0
26693,88081.0
26694,187713.0
26695,45000.0
26696,49546.0
26697,35783.0
26698,49000.0
26699,77071.0
26700,145000.0
26701,137500.0
26702,50000.0
26703,95000.0
26704,266997.0
26705,575000.0
26706,83953.0
26707,30278.0
26708,350000.0
26709,316543.0
26710,62000.0
26711,215000.0
26712,99092.0
26713,79000.0
26714,185000.0
26715,90000.0
26716,350000.0
26717,480000.0
26718,75000.0
26719,130000.0
26720,55051.0
26721,71566.0
26722,66061.0
26723,96339.0
26724,175000.0
26725,165000.0
26726,275000.0
26727,61932.0
26728,330000.0
26729,115000.0
26730,166300.0
26731,181668.0
26732,178915.0
26733,60000.0
26734,90834.0
26735,250000.0
26736,98000.0
26737,110000.0
26738,165000.0
26739,1100000.0
26740,82714.0
26741,95000.0
26742,50000.0
26743,89900.0
26744,830000.0
26745,64900.0
26746,65000.0
26747,115607.0
26748,89000.0
26749,72000.0
26750,140661.0
26751,179000.0
26752,70000.0
26753,430000.0
26754,15139.0
26755,180000.0
26756,495000.0
26757,94963.0
26758,97000.0
26759,695000.0
26760,57803.0
26761,82000.0
26762,217451.0
26763,67000.0
26764,120000.0
26765,73900.0
26766,175000.0
26767,150800.0
26768,500000.0
26769,88054.0
26770,148637.0
26771,157000.0
26772,125000.0
26773,170000.0
26774,92210.0
26775,110102.0
26776,190000.0
26777,137627.0
26778,200000.0
26779,650000.0
26780,88000.0
26781,165153.0
26782,101844.0
26783,115607.0
26784,65000.0
26785,729425.0
26786,62000.0
26787,210000.0
26788,170658.0
26789,66061.0
26790,143132.0
26791,130000.0
26792,100000.0
26793,798238.0
26794,50922.0
26795,63309.0
26796,95000.0
26797,104597.0
26798,74319.0
26799,145000.0
26800,289017.0
26801,89000.0
26802,175000.0
26803,108000.0
26804,110000.0
26805,86000.0
26806,65900.0
26807,95000.0
26808,205000.0
26809,65900.0
26810,42640.0
26811,135000.0
26812,170000.0
26813,51976.0
26814,173410.0
26815,54776.0
26816,85000.0
26817,96339.0
26818,151390.0
26819,77071.0
26820,240000.0
26821,49546.0
26822,36500.0
26823,38260.0
26824,90834.0
26825,129000.0
26826,130000.0
26827,230000.0
26828,150000.0
26829,130000.0
26830,96339.0
26831,469000.0
26832,132122.0
26833,84000.0
26834,101000.0
26835,522984.0
26836,252000.0
26837,366089.0
26838,44041.0
26839,75000.0
26840,437655.0
26841,40000.0
26842,115000.0
26843,149000.0
26844,580000.0
26845,24773.0
26846,39912.0
26847,130000.0
26848,77071.0
26849,51748.0
26850,89000.0
26851,47344.0
26852,165153.0
26853,200000.0
26854,55000.0
26855,700000.0
26856,60556.0
26857,85329.0
26858,268000.0
26859,173796.0
26860,179000.0
26861,610000.0
26862,740000.0
26863,148637.0
26864,45417.0
26865,370000.0
26866,75000.0
26867,125000.0
26868,81585.0
26869,58000.0
26870,44041.0
26871,154143.0
26872,72000.0
26873,71000.0
26874,92000.0
26875,80000.0
26876,96339.0
26877,93000.0
26878,200000.0
26879,180000.0
26880,110000.0
26881,319999.0
26882,80000.0
26883,45417.0
26884,279900.0
26885,228000.0
26886,198000.0
26887,38260.0
26888,75695.0
26889,137637.0
26890,105000.0
26891,85000.0
26892,230000.0
26893,78448.0
26894,105000.0
26895,49546.0
26896,69900.0
26897,44041.0
26898,729425.0
26899,66061.0
26900,135000.0
26901,70000.0
26902,65000.0
26903,115000.0
26904,74000.0
26905,150000.0
26906,65000.0
26907,263000.0
26908,290000.0
26909,65000.0
26910,65000.0
26911,136500.0
26912,36334.0
26913,53000.0
26914,163873.0
26915,90834.0
26916,377099.0
26917,44041.0
26918,250000.0
26919,105000.0
26920,95000.0
26921,344068.0
26922,133498.0
26923,70000.0
26924,60556.0
26925,60556.0
26926,370000.0
26927,95000.0
26928,149000.0
26929,85000.0
26930,49500.0
26931,219000.0
26932,98000.0
26933,151390.0
26934,220204.0
26935,110000.0
26936,42640.0
26937,159000.0
26938,65900.0
26939,44041.0
26940,175000.0
26941,125000.0
26942,134900.0
26943,93000.0
26944,289017.0
26945,115000.0
26946,135000.0
26947,101844.0
26948,72942.0
26949,345000.0
26950,63309.0
26951,110102.0
26952,205000.0
26953,145000.0
26954,299000.0
26955,42000.0
26956,578035.0
26957,126000.0
26958,66650.0
26959,25000.0
26960,179000.0
26961,75000.0
26962,135000.0
26963,88000.0
26964,82576.0
26965,80000.0
26966,77071.0
26967,83000.0
26968,37159.0
26969,70000.0
26970,52298.0
26971,335000.0
26972,140000.0
26973,77000.0
26974,64685.0
26975,371594.0
26976,97000.0
26977,130000.0
26978,190000.0
26979,63900.0
26980,115000.0
26981,1480000.0
26982,184421.0
26983,135000.0
26984,46793.0
26985,137627.0
26986,125000.0
26987,35783.0
26988,385356.0
26989,185000.0
26990,64999.0
26991,44041.0
26992,129000.0
26993,79824.0
26994,38536.0
26995,159648.0
26996,174500.0
26997,138000.0
26998,77071.0
26999,279000.0
27000,89458.0
27001,69000.0
27002,82000.0
27003,215000.0
27004,85000.0
27005,66061.0
27006,180000.0
27007,390000.0
27008,47000.0
27009,140000.0
27010,58000.0
27011,109000.0
27012,65000.0
27013,253234.0
27014,103000.0
27015,44041.0
27016,68900.0
27017,107349.0
27018,110000.0
27019,92000.0
27020,169999.0
27021,260000.0
27022,60556.0
27023,41288.0
27024,66000.0
27025,115607.0
27026,90000.0
27027,68000.0
27028,80000.0
27029,74000.0
27030,247729.0
27031,110000.0
27032,50500.0
27033,585000.0
27034,89000.0
27035,120000.0
27036,105000.0
27037,174500.0
27038,850000.0
27039,1390000.0
27040,125000.0
27041,109000.0
27042,39912.0
27043,52298.0
27044,94500.0
27045,90834.0
27046,120000.0
27047,179466.0
27048,302780.0
27049,146000.0
27050,90000.0
27051,143000.0
27052,115000.0
27053,112854.0
27054,236719.0
27055,37435.0
27056,135000.0
27057,132122.0
27058,67000.0
27059,110000.0
27060,46000.0
27061,210000.0
27062,79500.0
27063,70000.0
27064,158547.0
27065,845000.0
27066,57737.0
27067,42000.0
27068,97000.0
27069,82576.0
27070,83000.0
27071,74000.0
27072,88081.0
27073,79000.0
27074,77071.0
27075,82576.0
27076,107735.0
27077,79824.0
27078,62000.0
27079,68814.0
27080,74900.0
27081,285000.0
27082,94000.0
27083,79500.0
27084,198183.0
27085,66061.0
27086,78448.0
27087,65900.0
27088,115607.0
27089,42664.0
27090,63309.0
27091,515000.0
27092,54000.0
27093,115000.0
27094,129000.0
27095,35783.0
27096,112854.0
27097,50440.0
27098,252000.0
27099,61932.0
27100,145885.0
27101,230000.0
27102,149000.0
27103,79000.0
27104,67437.0
27105,65000.0
27106,123865.0
27107,26975.0
27108,110000.0
27109,90000.0
27110,79824.0
27111,70000.0
27112,371594.0
27113,65000.0
27114,100000.0
27115,125000.0
27116,132122.0
27117,82576.0
27118,269750.0
27119,359900.0
27120,35000.0
27121,104597.0
27122,82800.0
27123,687000.0
27124,129900.0
27125,450000.0
27126,95000.0
27127,1500000.0
27128,715662.0
27129,195431.0
27130,130000.0
27131,265000.0
27132,71000.0
27133,145000.0
27134,62000.0
27135,115493.0
27136,132122.0
27137,37159.0
27138,3000000.0
27139,45000.0
27140,136251.0
27141,265000.0
27142,159648.0
27143,426645.0
27144,122000.0
27145,120000.0
27146,240000.0
27147,823011.0
27148,85000.0
27149,40000.0
27150,138000.0
27151,181668.0
27152,61932.0
27153,44041.0
27154,200000.0
27155,245000.0
27156,72942.0
27157,100000.0
27158,44041.0
27159,75000.0
27160,140000.0
27161,128000.0
27162,97000.0
27163,151390.0
27164,41288.0
27165,57803.0
27166,97403.0
27167,55000.0
27168,289017.0
27169,119000.0
27170,158000.0
27171,154000.0
27172,170000.0
27173,57803.0
27174,69900.0
27175,38536.0
27176,145885.0
27177,70190.0
27178,199000.0
27179,88000.0
27180,128000.0
27181,129000.0
27182,58000.0
27183,150000.0
27184,261492.0
27185,121112.0
27186,75000.0
27187,97400.0
27188,85000.0
27189,119736.0
27190,95513.0
27191,82576.0
27192,85000.0
27193,77071.0
27194,143900.0
27195,54000.0
27196,135000.0
27197,185000.0
27198,140000.0
27199,49500.0
27200,454170.0
27201,327553.0
27202,139000.0
27203,2200000.0
27204,123865.0
27205,231489.0
27206,65511.0
27207,165153.0
27208,187173.0
27209,160000.0
27210,100000.0
27211,63309.0
27212,34900.0
27213,115607.0
27214,64685.0
27215,148637.0
27216,90000.0
27217,95000.0
27218,79824.0
27219,71566.0
27220,49000.0
27221,55000.0
27222,113000.0
27223,45095.0
27224,65000.0
27225,720000.0
27226,440407.0
27227,72000.0
27228,46793.0
27229,87000.0
27230,116983.0
27231,127000.0
27232,78448.0
27233,190000.0
27234,371594.0
27235,134000.0
27236,135000.0
27237,75000.0
27238,79800.0
27239,230000.0
27240,83000.0
27241,47000.0
27242,149730.0
27243,88000.0
27244,355078.0
27245,77044.0
27246,235000.0
27247,129000.0
27248,158000.0
27249,55051.0
27250,52298.0
27251,62000.0
27252,73000.0
27253,115000.0
27254,365000.0
27255,115000.0
27256,170000.0
27257,105000.0
27258,295000.0
27259,154143.0
27260,110000.0
27261,350000.0
27262,249000.0
27263,71566.0
27264,114000.0
27265,440000.0
27266,154143.0
27267,63000.0
27268,174500.0
27269,37159.0
27270,44041.0
27271,184404.0
27272,220000.0
27273,145000.0
27274,40738.0
27275,233966.0
27276,79824.0
27277,320000.0
27278,55051.0
27279,239472.0
27280,60556.0
27281,200000.0
27282,160000.0
27283,80000.0
27284,519361.0
27285,130746.0
27286,199000.0
27287,37159.0
27288,1490000.0
27289,35783.0
27290,153000.0
27291,49500.0
27292,49500.0
27293,151390.0
27294,90000.0
27295,62900.0
27296,154143.0
27297,33031.0
27298,151390.0
27299,74000.0
27300,82000.0
27301,75000.0
27302,93587.0
27303,620000.0
27304,377099.0
27305,85000.0
27306,233966.0
27307,94000.0
27308,110102.0
27309,222000.0
27310,65000.0
27311,120000.0
27312,54000.0
27313,155000.0
27314,57000.0
27315,69000.0
27316,149000.0
27317,121112.0
27318,71566.0
27319,200936.0
27320,63309.0
27321,66061.0
27322,74319.0
27323,44041.0
27324,82000.0
27325,79824.0
27326,64900.0
27327,57803.0
27328,35000.0
27329,65000.0
27330,89900.0
27331,66612.0
27332,499000.0
27333,96339.0
27334,71016.0
27335,96064.0
27336,75000.0
27337,28902.0
27338,124000.0
27339,139000.0
27340,100000.0
27341,45417.0
27342,1490000.0
27343,64000.0
27344,72000.0
27345,100000.0
27346,45000.0
27347,48000.0
27348,98000.0
27349,37000.0
27350,690000.0
27351,46793.0
27352,1150000.0
27353,117000.0
27354,38536.0
27355,285000.0
27356,68814.0
27357,710000.0
27358,64000.0
27359,145000.0
27360,140000.0
27361,47000.0
27362,55500.0
27363,52000.0
27364,66061.0
27365,86000.0
27366,49500.0
27367,74319.0
27368,100277.0
27369,80000.0
27370,110102.0
27371,316543.0
27372,175888.0
27373,46000.0
27374,135000.0
27375,58000.0
27376,85329.0
27377,64000.0
27378,189926.0
27379,88000.0
27380,174500.0
27381,261492.0
27382,207900.0
27383,60556.0
27384,62000.0
27385,85000.0
27386,30000.0
27387,490000.0
27388,64900.0
27389,35233.0
27390,63900.0
27391,104597.0
27392,79000.0
27393,92000.0
27394,340000.0
27395,75700.0
27396,89900.0
27397,63309.0
27398,500000.0
27399,266997.0
27400,63309.0
27401,155000.0
27402,38811.0
27403,49000.0
27404,75000.0
27405,130000.0
27406,880000.0
27407,74319.0
27408,65000.0
27409,115607.0
27410,85329.0
27411,169000.0
27412,1250000.0
27413,249000.0
27414,66500.0
27415,86900.0
27416,73632.0
27417,280000.0
27418,72000.0
27419,24773.0
27420,170658.0
27421,249000.0
27422,258000.0
27423,48000.0
27424,64685.0
27425,68000.0
27426,53000.0
27427,144000.0
27428,59999.0
27429,160000.0
27430,309000.0
27431,96300.0
27432,168000.0
27433,46793.0
27434,590000.0
27435,130000.0
27436,59180.0
27437,238000.0
27438,66061.0
27439,74319.0
27440,290000.0
27441,98000.0
27442,50922.0
27443,133800.0
27444,96000.0
27445,106000.0
27446,89900.0
27447,64685.0
27448,200936.0
27449,75000.0
27450,75000.0
27451,78000.0
27452,119000.0
27453,85000.0
27454,154143.0
27455,300000.0
27456,145000.0
27457,93587.0
27458,320000.0
27459,70000.0
27460,290000.0
27461,170000.0
27462,205000.0
27463,178915.0
27464,137627.0
27465,330000.0
27466,185000.0
27467,445000.0
27468,158000.0
27469,135000.0
27470,165000.0
27471,110000.0
27472,150000.0
27473,46000.0
27474,325000.0
27475,75000.0
27476,41288.0
27477,30278.0
27478,58000.0
27479,48417.0
27480,380000.0
27481,125000.0
27482,439000.0
27483,80000.0
27484,99000.0
27485,325000.0
27486,110102.0
27487,74319.0
27488,90000.0
27489,240000.0
27490,171000.0
27491,83000.0
27492,69000.0
27493,89900.0
27494,95000.0
27495,550509.0
27496,187000.0
27497,116983.0
27498,180000.0
27499,82026.0
27500,156895.0
27501,90000.0
27502,97000.0
27503,118000.0
27504,220204.0
27505,106000.0
27506,77071.0
27507,310184.0
27508,250000.0
27509,156000.0
27510,200000.0
27511,120000.0
27512,135000.0
27513,88000.0
27514,80000.0
27515,123865.0
27516,159000.0
27517,170000.0
27518,730000.0
27519,50000.0
27520,90000.0
27521,69900.0
27522,86705.0
27523,75000.0
27524,75800.0
27525,33031.0
27526,69000.0
27527,105000.0
27528,118359.0
27529,41013.0
27530,20000.0
27531,118000.0
27532,85000.0
27533,59000.0
27534,80000.0
27535,175000.0
27536,185000.0
27537,87000.0
27538,231000.0
27539,261492.0
27540,38000.0
27541,120000.0
27542,178915.0
27543,95000.0
27544,94137.0
27545,95000.0
27546,45000.0
27547,118000.0
27548,165000.0
27549,72000.0
27550,60000.0
27551,98000.0
27552,128000.0
27553,175000.0
27554,110000.0
27555,85879.0
27556,112000.0
27557,184421.0
27558,33031.0
27559,83000.0
27560,138000.0
27561,100000.0
27562,23397.0
27563,58000.0
27564,68000.0
27565,160000.0
27566,59500.0
27567,92210.0
27568,158000.0
27569,86000.0
27570,74100.0
27571,61900.0
27572,105000.0
27573,350000.0
27574,140661.0
27575,206441.0
27576,119461.0
27577,75000.0
27578,107322.0
27579,120000.0
27580,72799.0
27581,176039.0
27582,125000.0
27583,1200000.0
27584,95000.0
27585,115000.0
27586,57900.0
27587,119736.0
27588,154000.0
27589,75000.0
27590,210000.0
27591,83900.0
27592,115607.0
27593,37159.0
27594,90834.0
27595,78448.0
27596,93587.0
27597,75000.0
27598,75000.0
27599,420000.0
27600,73900.0
27601,66061.0
27602,130000.0
27603,92000.0
27604,97300.0
27605,357831.0
27606,200000.0
27607,75000.0
27608,310000.0
27609,105973.0
27610,85000.0
27611,98000.0
27612,99092.0
27613,165000.0
27614,164258.0
27615,96339.0
27616,86705.0
27617,41288.0
27618,170000.0
27619,133900.0
27620,110102.0
27621,160000.0
27622,228000.0
27623,151390.0
27624,54000.0
27625,107349.0
27626,140000.0
27627,130000.0
27628,98000.0
27629,110000.0
27630,163000.0
27631,70190.0
27632,330306.0
27633,215000.0
27634,80000.0
27635,157834.0
27636,77071.0
27637,250000.0
27638,162000.0
27639,63500.0
27640,145000.0
27641,123865.0
27642,71566.0
27643,67000.0
27644,73000.0
27645,95000.0
27646,338563.0
27647,105000.0
27648,107500.0
27649,244977.0
27650,145885.0
27651,318745.0
27652,93000.0
27653,67988.0
27654,49500.0
27655,192000.0
27656,65000.0
27657,151390.0
27658,289017.0
27659,124000.0
27660,137627.0
27661,48000.0
27662,125000.0
27663,71500.0
27664,159000.0
27665,120000.0
27666,285000.0
27667,31654.0
27668,100000.0
27669,93587.0
27670,37159.0
27671,316543.0
27672,145000.0
27673,210000.0
27674,16488.0
27675,189000.0
27676,65000.0
27677,522984.0
27678,155000.0
27679,85000.0
27680,76521.0
27681,100000.0
27682,510000.0
27683,171000.0
27684,90834.0
27685,49500.0
27686,93587.0
27687,123865.0
27688,107349.0
27689,67000.0
27690,88081.0
27691,190000.0
27692,85000.0
27693,214699.0
27694,50866.0
27695,84500.0
27696,101844.0
27697,57803.0
27698,280000.0
27699,100000.0
27700,97000.0
27701,289017.0
27702,1111111.0
27703,330000.0
27704,950000.0
27705,115000.0
27706,380000.0
27707,230000.0
27708,240000.0
27709,165000.0
27710,73900.0
27711,58696.0
27712,242224.0
27713,265000.0
27714,145000.0
27715,145000.0
27716,210019.0
27717,183000.0
27718,249000.0
27719,360000.0
27720,97000.0
27721,115607.0
27722,22000.0
27723,134000.0
27724,165153.0
27725,95000.0
27726,72942.0
27727,118359.0
27728,198183.0
27729,125000.0
27730,67000.0
27731,30278.0
27732,1200000.0
27733,210000.0
27734,125000.0
27735,42389.0
27736,62000.0
27737,33031.0
27738,247729.0
27739,179000.0
27740,65900.0
27741,150000.0
27742,85000.0
27743,65900.0
27744,158772.0
27745,137000.0
27746,30278.0
27747,68814.0
27748,90000.0
27749,73000.0
27750,123500.0
27751,48995.0
27752,99000.0
27753,158000.0
27754,150000.0
27755,167905.0
27756,60556.0
27757,46793.0
27758,310000.0
27759,62000.0
27760,249500.0
27761,40738.0
27762,108000.0
27763,151390.0
27764,300000.0
27765,83953.0
27766,52023.0
27767,110000.0
27768,189000.0
27769,89000.0
27770,75000.0
27771,40000.0
27772,73279.0
27773,165000.0
27774,88081.0
27775,77000.0
27776,112000.0
27777,261492.0
27778,335000.0
27779,140000.0
27780,49500.0
27781,110000.0
27782,54000.0
27783,96339.0
27784,47000.0
27785,68814.0
27786,156895.0
27787,520000.0
27788,88000.0
27789,68814.0
27790,50000.0
27791,163000.0
27792,90000.0
27793,130000.0
27794,110000.0
27795,112000.0
27796,1990000.0
27797,170658.0
27798,123865.0
27799,194166.0
27800,170000.0
27801,112000.0
27802,143000.0
27803,99000.0
27804,139000.0
27805,104597.0
27806,1000000.0
27807,43400.0
27808,70000.0
27809,121112.0
27810,118000.0
27811,110102.0
27812,125000.0
27813,85000.0
27814,41288.0
27815,255000.0
27816,388000.0
27817,100000.0
27818,550509.0
27819,95000.0
27820,101569.0
27821,200936.0
27822,298000.0
27823,105000.0
27824,101844.0
27825,210000.0
27826,34957.0
27827,83000.0
27828,147000.0
27829,25323.0
27830,75000.0
27831,228000.0
27832,94900.0
27833,85000.0
27834,38000.0
27835,85000.0
27836,187173.0
27837,158000.0
27838,98000.0
27839,202312.0
27840,67000.0
27841,368841.0
27842,48170.0
27843,78000.0
27844,65000.0
27845,82576.0
27846,200000.0
27847,124000.0
27848,31654.0
27849,60556.0
27850,90000.0
27851,93587.0
27852,49500.0
27853,310000.0
27854,69000.0
27855,49500.0
27856,85000.0
27857,135000.0
27858,41288.0
27859,434902.0
27860,265000.0
27861,145885.0
27862,225000.0
27863,696000.0
27864,280000.0
27865,66061.0
27866,220000.0
27867,129900.0
27868,77071.0
27869,68814.0
27870,96339.0
27871,82576.0
27872,165153.0
27873,93587.0
27874,99000.0
27875,127000.0
27876,295000.0
27877,280000.0
27878,95000.0
27879,152000.0
27880,130000.0
27881,59000.0
27882,187173.0
27883,178915.0
27884,64685.0
27885,181668.0
27886,76796.0
27887,79824.0
27888,192000.0
27889,180000.0
27890,115607.0
27891,190000.0
27892,188000.0
27893,48170.0
27894,120000.0
27895,175000.0
27896,770713.0
27897,64000.0
27898,59000.0
27899,49500.0
27900,85329.0
27901,960000.0
27902,138000.0
27903,115000.0
27904,63309.0
27905,79900.0
27906,75000.0
27907,252000.0
27908,75000.0
27909,38536.0
27910,175000.0
27911,129000.0
27912,41288.0
27913,66061.0
27914,115000.0
27915,96339.0
27916,51430.0
27917,70000.0
27918,115000.0
27919,80000.0
27920,109000.0
27921,74319.0
27922,290000.0
27923,79000.0
27924,54000.0
27925,159648.0
27926,95000.0
27927,50000.0
27928,175000.0
27929,450000.0
27930,80000.0
27931,125000.0
27932,95000.0
27933,159097.0
27934,578035.0
27935,130000.0
27936,59180.0
27937,53000.0
27938,650000.0
27939,71566.0
27940,64000.0
27941,79500.0
27942,120000.0
27943,118359.0
27944,1250000.0
27945,70190.0
27946,19865.0
27947,450000.0
27948,98000.0
27949,249954.0
27950,154143.0
27951,52000.0
27952,60900.0
27953,135000.0
27954,40000.0
27955,98500.0
27956,233966.0
27957,52298.0
27958,115000.0
27959,126617.0
27960,104597.0
27961,130000.0
27962,302780.0
27963,42664.0
27964,99000.0
27965,565000.0
27966,225000.0
27967,46793.0
27968,360000.0
27969,103000.0
27970,130000.0
27971,173410.0
27972,481696.0
27973,47500.0
27974,72000.0
27975,49500.0
27976,70000.0
27977,31930.0
27978,233000.0
27979,45417.0
27980,109000.0
27981,159648.0
27982,49000.0
27983,38536.0
27984,30278.0
27985,120562.0
27986,198183.0
27987,350000.0
27988,48170.0
27989,70000.0
27990,44041.0
27991,49500.0
27992,530000.0
27993,31654.0
27994,89458.0
27995,260000.0
27996,128000.0
27997,60556.0
27998,35783.0
27999,62000.0
28000,385356.0
28001,238000.0
28002,215000.0
28003,44041.0
28004,190158.0
28005,174500.0
28006,178000.0
28007,112001.0
28008,1100000.0
28009,109000.0
28010,118359.0
28011,250000.0
28012,70190.0
28013,96339.0
28014,118500.0
28015,77000.0
28016,132122.0
28017,78172.0
28018,90000.0
28019,93587.0
28020,312800.0
28021,73000.0
28022,31500.0
28023,158000.0
28024,65000.0
28025,99000.0
28026,106000.0
28027,175000.0
28028,220000.0
28029,66000.0
28030,78900.0
28031,118000.0
28032,116300.0
28033,140380.0
28034,185000.0
28035,58354.0
28036,76000.0
28037,172000.0
28038,98001.0
28039,195000.0
28040,140000.0
28041,242224.0
28042,63900.0
28043,130000.0
28044,45000.0
28045,165000.0
28046,265000.0
28047,194432.0
28048,189000.0
28049,233966.0
28050,132122.0
28051,120000.0
28052,46793.0
28053,57803.0
28054,121112.0
28055,30278.0
28056,85000.0
28057,130000.0
28058,50000.0
28059,150000.0
28060,105000.0
28061,59000.0
28062,250000.0
28063,43765.0
28064,55000.0
28065,63309.0
28066,33306.0
28067,154430.0
28068,82576.0
28069,189000.0
28070,115000.0
28071,135000.0
28072,80000.0
28073,105973.0
28074,73279.0
28075,96339.0
28076,350000.0
28077,12000.0
28078,59180.0
28079,339000.0
28080,57900.0
28081,77071.0
28082,82576.0
28083,73900.0
28084,218000.0
28085,233966.0
28086,230000.0
28087,80000.0
28088,289017.0
28089,255000.0
28090,80900.0
28091,220000.0
28092,48000.0
28093,83000.0
28094,110000.0
28095,95000.0
28096,142000.0
28097,185000.0
28098,646848.0
28099,83000.0
28100,38536.0
28101,57803.0
28102,115607.0
28103,123837.0
28104,60000.0
28105,136500.0
28106,435000.0
28107,165000.0
28108,88081.0
28109,75000.0
28110,52900.0
28111,115000.0
28112,105900.0
28113,37159.0
28114,66061.0
28115,96339.0
28116,420000.0
28117,38536.0
28118,140661.0
28119,23397.0
28120,110000.0
28121,79900.0
28122,38536.0
28123,97000.0
28124,88081.0
28125,180000.0
28126,92000.0
28127,235000.0
28128,64685.0
28129,343909.0
28130,90834.0
28131,499000.0
28132,96339.0
28133,41288.0
28134,170658.0
28135,143132.0
28136,59180.0
28137,75000.0
28138,220000.0
28139,100000.0
28140,130746.0
28141,65900.0
28142,100000.0
28143,178915.0
28144,249000.0
28145,59900.0
28146,66061.0
28147,100000.0
28148,1630000.0
28149,220000.0
28150,68814.0
28151,92000.0
28152,79824.0
28153,470000.0
28154,118000.0
28155,80000.0
28156,38000.0
28157,169000.0
28158,93587.0
28159,630000.0
28160,65000.0
28161,179000.0
28162,118359.0
28163,82576.0
28164,105000.0
28165,123865.0
28166,104500.0
28167,109000.0
28168,124000.0
28169,159000.0
28170,330306.0
28171,66061.0
28172,60556.0
28173,72942.0
28174,100000.0
28175,165153.0
28176,98325.0
28177,75000.0
28178,149000.0
28179,194000.0
28180,30416.0
28181,1500000.0
28182,159648.0
28183,69000.0
28184,105000.0
28185,1060000.0
28186,316543.0
28187,1500000.0
28188,39999.0
28189,75000.0
28190,68814.0
28191,168000.0
28192,105000.0
28193,176000.0
28194,247729.0
28195,75000.0
28196,41288.0
28197,130000.0
28198,55000.0
28199,580000.0
28200,183044.0
28201,206441.0
28202,269750.0
28203,95000.0
28204,150000.0
28205,149000.0
28206,96339.0
28207,371594.0
28208,115000.0
28209,260000.0
28210,220000.0
28211,170000.0
28212,71566.0
28213,130000.0
28214,86705.0
28215,40000.0
28216,82576.0
28217,71566.0
28218,68814.0
28219,232000.0
28220,271000.0
28221,330000.0
28222,359900.0
28223,34407.0
28224,42664.0
28225,200000.0
28226,214699.0
28227,133000.0
28228,148637.0
28229,71566.0
28230,219000.0
28231,156895.0
28232,160000.0
28233,48000.0
28234,125901.0
28235,79500.0
28236,44041.0
28237,135000.0
28238,78000.0
28239,65000.0
28240,165000.0
28241,101844.0
28242,139000.0
28243,83000.0
28244,123865.0
28245,200936.0
28246,99000.0
28247,145000.0
28248,170107.0
28249,490000.0
28250,60556.0
28251,52000.0
28252,80000.0
28253,360000.0
28254,143000.0
28255,95000.0
28256,80000.0
28257,98000.0
28258,72000.0
28259,50000.0
28260,55051.0
28261,129000.0
28262,101844.0
28263,255987.0
28264,72900.0
28265,210000.0
28266,96339.0
28267,105000.0
28268,1100000.0
28269,50000.0
28270,110000.0
28271,112854.0
28272,95000.0
28273,59730.0
28274,41288.0
28275,272502.0
28276,320000.0
28277,185000.0
28278,165153.0
28279,179000.0
28280,99000.0
28281,93587.0
28282,95000.0
28283,149000.0
28284,228461.0
28285,110000.0
28286,360000.0
28287,140000.0
28288,1400000.0
28289,140000.0
28290,118359.0
28291,138000.0
28292,95000.0
28293,155000.0
28294,123314.0
28295,69500.0
28296,65000.0
28297,150000.0
28298,66061.0
28299,123865.0
28300,57803.0
28301,130000.0
28302,41288.0
28303,350000.0
28304,80000.0
28305,179900.0
28306,205000.0
28307,156895.0
28308,260000.0
28309,550509.0
28310,65000.0
28311,149000.0
28312,56022.0
28313,85000.0
28314,360000.0
28315,125000.0
28316,68814.0
28317,40000.0
28318,55051.0
28319,285000.0
28320,121112.0
28321,102670.0
28322,85329.0
28323,30278.0
28324,41288.0
28325,92210.0
28326,75000.0
28327,135000.0
28328,162400.0
28329,130000.0
28330,90000.0
28331,89458.0
28332,55601.0
28333,200936.0
28334,175000.0
28335,133900.0
28336,79900.0
28337,65000.0
28338,289000.0
28339,62000.0
28340,77071.0
28341,82900.0
28342,79900.0
28343,165000.0
28344,75000.0
28345,59000.0
28346,110000.0
28347,112000.0
28348,12386.0
28349,68000.0
28350,115000.0
28351,265000.0
28352,123865.0
28353,87000.0
28354,104597.0
28355,57803.0
28356,69500.0
28357,159900.0
28358,60000.0
28359,15965.0
28360,96339.0
28361,238095.0
28362,480000.0
28363,165153.0
28364,170658.0
28365,105000.0
28366,302780.0
28367,640000.0
28368,137000.0
28369,70000.0
28370,52000.0
28371,65000.0
28372,120000.0
28373,88000.0
28374,54000.0
28375,97000.0
28376,97850.0
28377,183000.0
28378,30000.0
28379,62000.0
28380,95000.0
28381,90834.0
28382,114000.0
28383,50000.0
28384,195000.0
28385,48000.0
28386,85000.0
28387,130000.0
28388,84000.0
28389,68814.0
28390,123865.0
28391,37159.0
28392,85000.0
28393,62000.0
28394,75000.0
28395,170658.0
28396,155000.0
28397,90000.0
28398,60000.0
28399,86705.0
28400,179000.0
28401,240000.0
28402,55000.0
28403,250000.0
28404,60900.0
28405,85000.0
28406,90000.0
28407,67000.0
28408,175000.0
28409,310000.0
28410,71016.0
28411,50000.0
28412,63309.0
28413,107000.0
28414,41288.0
28415,53000.0
28416,82576.0
28417,80000.0
28418,75000.0
28419,107500.0
28420,1100007.0
28421,84900.0
28422,145885.0
28423,29999.0
28424,303900.0
28425,450000.0
28426,145000.0
28427,550000.0
28428,123865.0
28429,280000.0
28430,52298.0
28431,89000.0
28432,244977.0
28433,114231.0
28434,69000.0
28435,163000.0
28436,195431.0
28437,82000.0
28438,33031.0
28439,109000.0
28440,135000.0
28441,100000.0
28442,110102.0
28443,120000.0
28444,107349.0
28445,60556.0
28446,65000.0
28447,187173.0
28448,93587.0
28449,96339.0
28450,269750.0
28451,515000.0
28452,49546.0
28453,60000.0
28454,52298.0
28455,64685.0
28456,230000.0
28457,100000.0
28458,138000.0
28459,210000.0
28460,39908.0
28461,175000.0
28462,95000.0
28463,137000.0
28464,180000.0
28465,75695.0
28466,100000.0
28467,115607.0
28468,100468.0
28469,398000.0
28470,63000.0
28471,93587.0
28472,69000.0
28473,75900.0
28474,60900.0
28475,1100000.0
28476,105000.0
28477,130000.0
28478,430000.0
28479,64000.0
28480,45800.0
28481,71566.0
28482,145885.0
28483,71566.0
28484,48170.0
28485,65900.0
28486,550000.0
28487,115000.0
28488,78000.0
28489,66061.0
28490,127000.0
28491,88081.0
28492,80000.0
28493,60000.0
28494,260000.0
28495,103220.0
28496,61932.0
28497,39912.0
28498,47000.0
28499,48000.0
28500,69000.0
28501,210000.0
28502,69000.0
28503,138864.0
28504,180000.0
28505,79824.0
28506,99000.0
28507,195431.0
28508,122000.0
28509,184499.0
28510,101844.0
28511,27525.0
28512,118000.0
28513,153000.0
28514,53000.0
28515,97000.0
28516,255987.0
28517,125000.0
28518,79824.0
28519,215000.0
28520,118359.0
28521,290000.0
28522,135000.0
28523,99900.0
28524,175000.0
28525,210000.0
28526,46793.0
28527,236468.0
28528,95000.0
28529,74319.0
28530,39000.0
28531,95000.0
28532,295000.0
28533,135000.0
28534,82576.0
28535,92210.0
28536,141756.0
28537,220204.0
28538,145885.0
28539,93587.0
28540,77071.0
28541,80000.0
28542,90000.0
28543,120000.0
28544,135000.0
28545,82000.0
28546,129000.0
28547,93000.0
28548,91000.0
28549,238500.0
28550,135000.0
28551,76000.0
28552,32480.0
28553,55000.0
28554,82301.0
28555,38536.0
28556,38140.0
28557,170000.0
28558,61932.0
28559,446000.0
28560,363336.0
28561,66240.0
28562,49900.0
28563,100000.0
28564,78448.0
28565,105000.0
28566,1290000.0
28567,65000.0
28568,121112.0
28569,149000.0
28570,95000.0
28571,53500.0
28572,45417.0
28573,85000.0
28574,83953.0
28575,99900.0
28576,123900.0
28577,223000.0
28578,60000.0
28579,95000.0
28580,67000.0
28581,85000.0
28582,170000.0
28583,181302.0
28584,94963.0
28585,76000.0
28586,196972.0
28587,60000.0
28588,66061.0
28589,120000.0
28590,37000.0
28591,85000.0
28592,98000.0
28593,95000.0
28594,195000.0
28595,75000.0
28596,375000.0
28597,185000.0
28598,115000.0
28599,180000.0
28600,247000.0
28601,823011.0
28602,133200.0
28603,104900.0
28604,39000.0
28605,39000.0
28606,108000.0
28607,49000.0
28608,436279.0
28609,60000.0
28610,63309.0
28611,290000.0
28612,143132.0
28613,70000.0
28614,385356.0
28615,269750.0
28616,151390.0
28617,203688.0
28618,105000.0
28619,64000.0
28620,125000.0
28621,71566.0
28622,1300000.0
28623,135000.0
28624,59000.0
28625,215000.0
28626,70190.0
28627,495458.0
28628,94000.0
28629,206441.0
28630,150000.0
28631,96339.0
28632,99092.0
28633,105000.0
28634,155000.0
28635,96339.0
28636,55000.0
28637,96000.0
28638,30278.0
28639,93724.0
28640,71000.0
28641,47344.0
28642,371594.0
28643,59180.0
28644,46793.0
28645,130000.0
28646,80000.0
28647,460000.0
28648,75000.0
28649,500000.0
28650,123865.0
28651,235000.0
28652,230000.0
28653,130000.0
28654,160000.0
28655,190000.0
28656,245000.0
28657,68814.0
28658,110102.0
28659,68814.0
28660,170000.0
28661,85000.0
28662,63309.0
28663,1280000.0
28664,195000.0
28665,250000.0
28666,280000.0
28667,110000.0
28668,950000.0
28669,41288.0
28670,178915.0
28671,139000.0
28672,300000.0
28673,85000.0
28674,120000.0
28675,231214.0
28676,41288.0
28677,120000.0
28678,75000.0
28679,78000.0
28680,39086.0
28681,66061.0
28682,72000.0
28683,66000.0
28684,185000.0
28685,53262.0
28686,140000.0
28687,165153.0
28688,191000.0
28689,176000.0
28690,288000.0
28691,87000.0
28692,65000.0
28693,77071.0
28694,188549.0
28695,462428.0
28696,74900.0
28697,60556.0
28698,690050.0
28699,75900.0
28700,70190.0
28701,89900.0
28702,112854.0
28703,69000.0
28704,173410.0
28705,77000.0
28706,240000.0
28707,82900.0
28708,28902.0
28709,1450000.0
28710,68000.0
28711,214699.0
28712,49546.0
28713,47000.0
28714,129900.0
28715,82576.0
28716,467933.0
28717,119000.0
28718,68814.0
28719,110000.0
28720,137627.0
28721,123865.0
28722,108000.0
28723,345000.0
28724,88081.0
28725,160000.0
28726,72942.0
28727,74319.0
28728,895000.0
28729,205000.0
28730,126617.0
28731,118359.0
28732,35000.0
28733,150000.0
28734,82576.0
28735,49000.0
28736,187173.0
28737,189900.0
28738,78000.0
28739,137627.0
28740,272502.0
28741,115607.0
28742,280000.0
28743,62000.0
28744,75000.0
28745,81000.0
28746,248000.0
28747,115000.0
28748,82900.0
28749,169000.0
28750,130000.0
28751,95000.0
28752,269750.0
28753,165000.0
28754,104000.0
28755,115000.0
28756,27525.0
28757,330000.0
28758,59180.0
28759,57803.0
28760,75000.0
28761,62000.0
28762,228461.0
28763,77000.0
28764,32480.0
28765,85329.0
28766,74000.0
28767,99900.0
28768,66650.0
28769,61932.0
28770,134000.0
28771,523000.0
28772,110000.0
28773,130746.0
28774,94963.0
28775,108000.0
28776,48170.0
28777,85000.0
28778,158001.0
28779,161567.0
28780,830000.0
28781,75000.0
28782,129000.0
28783,130000.0
28784,60556.0
28785,60000.0
28786,34407.0
28787,112854.0
28788,195431.0
28789,82576.0
28790,56000.0
28791,10000.0
28792,107349.0
28793,210000.0
28794,90834.0
28795,128000.0
28796,108726.0
28797,60000.0
28798,107349.0
28799,39637.0
28800,47000.0
28801,71566.0
28802,99900.0
28803,104597.0
28804,99000.0
28805,100468.0
28806,54500.0
28807,105000.0
28808,68814.0
28809,108000.0
28810,79000.0
28811,125000.0
28812,42664.0
28813,125000.0
28814,137000.0
28815,77000.0
28816,66650.0
28817,360000.0
28818,240000.0
28819,138385.0
28820,75089.0
28821,112000.0
28822,426645.0
28823,125000.0
28824,150000.0
28825,137077.0
28826,36334.0
28827,110102.0
28828,55000.0
28829,75000.0
28830,155000.0
28831,120000.0
28832,370000.0
28833,65000.0
28834,41288.0
28835,176163.0
28836,64300.0
28837,110102.0
28838,189000.0
28839,282000.0
28840,580000.0
28841,115000.0
28842,60006.0
28843,435000.0
28844,130000.0
28845,92000.0
28846,140380.0
28847,95000.0
28848,118359.0
28849,197000.0
28850,432019.0
28851,540000.0
28852,31654.0
28853,210000.0
28854,99500.0
28855,230000.0
28856,129000.0
28857,245000.0
28858,261492.0
28859,115000.0
28860,83000.0
28861,209194.0
28862,147261.0
28863,85511.0
28864,350000.0
28865,99900.0
28866,31104.0
28867,47000.0
28868,181393.0
28869,82576.0
28870,64000.0
28871,38536.0
28872,104000.0
28873,99000.0
28874,72000.0
28875,63900.0
28876,33000.0
28877,47000.0
28878,380000.0
28879,77071.0
28880,93587.0
28881,68814.0
28882,82800.0
28883,79500.0
28884,169000.0
28885,366089.0
28886,153000.0
28887,145000.0
28888,49900.0
28889,110000.0
28890,117534.0
28891,175000.0
28892,689000.0
28893,45417.0
28894,39912.0
28895,80000.0
28896,48170.0
28897,70190.0
28898,118359.0
28899,84000.0
28900,155000.0
28901,151390.0
28902,509221.0
28903,23397.0
28904,99092.0
28905,142000.0
28906,88000.0
28907,74319.0
28908,95000.0
28909,83953.0
28910,101844.0
28911,66950.0
28912,107900.0
28913,275000.0
28914,41288.0
28915,120000.0
28916,825764.0
28917,93587.0
28918,85000.0
28919,85329.0
28920,69000.0
28921,316543.0
28922,95000.0
28923,70000.0
28924,75000.0
28925,68000.0
28926,87500.0
28927,218000.0
28928,97000.0
28929,143132.0
28930,101844.0
28931,63000.0
28932,70190.0
28933,68814.0
28934,72254.0
28935,180000.0
28936,88081.0
28937,63500.0
28938,1600007.0
28939,74319.0
28940,145885.0
28941,75000.0
28942,115607.0
28943,385356.0
28944,250000.0
28945,76000.0
28946,145000.0
28947,184000.0
28948,162400.0
28949,90000.0
28950,63309.0
28951,95000.0
28952,130000.0
28953,89900.0
28954,279000.0
28955,210000.0
28956,265000.0
28957,65000.0
28958,130000.0
28959,129370.0
28960,115000.0
28961,93000.0
28962,37000.0
28963,127000.0
28964,385061.0
28965,110000.0
28966,178915.0
28967,68263.0
28968,83000.0
28969,40000.0
28970,200000.0
28971,98000.0
28972,138000.0
28973,83000.0
28974,187173.0
28975,96339.0
28976,78000.0
28977,190000.0
28978,31654.0
28979,83000.0
28980,89900.0
28981,55051.0
28982,27525.0
28983,85000.0
28984,115487.0
28985,105000.0
28986,165000.0
28987,59180.0
28988,112000.0
28989,75000.0
28990,66061.0
28991,101844.0
28992,110000.0
28993,2200000.0
28994,40000.0
28995,115000.0
28996,104597.0
28997,49500.0
28998,64000.0
28999,53675.0
29000,86000.0
29001,107349.0
29002,100000.0
29003,137627.0
29004,30000.0
29005,85000.0
29006,135000.0
29007,213000.0
29008,110000.0
29009,64000.0
29010,79824.0
29011,49546.0
29012,101844.0
29013,269750.0
29014,260000.0
29015,120000.0
29016,110000.0
29017,85000.0
29018,78800.0
29019,125000.0
29020,91495.0
29021,108000.0
29022,164878.0
29023,137627.0
29024,123865.0
29025,52298.0
29026,80000.0
29027,74319.0
29028,49750.0
29029,75000.0
29030,165000.0
29031,115000.0
29032,93500.0
29033,67437.0
29034,100000.0
29035,98000.0
29036,43000.0
29037,120000.0
29038,48500.0
29039,169000.0
29040,73000.0
29041,57000.0
29042,344068.0
29043,112000.0
29044,355078.0
29045,272502.0
29046,472062.0
29047,75000.0
29048,65000.0
29049,26149.0
29050,145885.0
29051,122000.0
29052,23397.0
29053,265000.0
29054,65000.0
29055,129000.0
29056,142000.0
29057,109500.0
29058,319000.0
29059,650000.0
29060,150000.0
29061,53000.0
29062,38536.0
29063,32270.0
29064,84900.0
29065,170000.0
29066,73000.0
29067,39000.0
29068,100468.0
29069,35233.0
29070,43215.0
29071,158271.0
29072,71566.0
29073,89990.0
29074,34407.0
29075,297546.0
29076,132122.0
29077,70190.0
29078,90834.0
29079,65900.0
29080,112900.0
29081,233966.0
29082,50800.0
29083,104597.0
29084,123865.0
29085,798238.0
29086,83476.0
29087,69000.0
29088,61000.0
29089,71566.0
29090,73000.0
29091,27525.0
29092,130000.0
29093,99000.0
29094,194000.0
29095,45417.0
29096,104321.0
29097,63000.0
29098,138000.0
29099,44041.0
29100,85000.0
29101,126617.0
29102,179000.0
29103,63900.0
29104,170000.0
29105,69900.0
29106,130000.0
29107,24773.0
29108,68000.0
29109,89458.0
29110,200000.0
29111,181668.0
29112,33031.0
29113,165000.0
29114,650000.0
29115,324800.0
29116,200936.0
29117,47000.0
29118,66061.0
29119,115000.0
29120,37159.0
29121,76900.0
29122,230000.0
29123,103496.0
29124,133000.0
29125,184421.0
29126,129900.0
29127,90000.0
29128,59180.0
29129,174200.0
29130,93000.0
29131,132122.0
29132,101844.0
29133,105000.0
29134,45417.0
29135,114000.0
29136,99900.0
29137,269750.0
29138,89000.0
29139,88081.0
29140,110000.0
29141,65000.0
29142,95000.0
29143,41288.0
29144,145000.0
29145,227354.0
29146,96339.0
29147,247729.0
29148,137627.0
29149,220000.0
29150,85000.0
29151,108000.0
29152,92000.0
29153,120000.0
29154,150000.0
29155,115607.0
29156,159900.0
29157,84000.0
29158,160000.0
29159,110102.0
29160,186000.0
29161,60556.0
29162,75695.0
29163,148087.0
29164,90000.0
29165,289017.0
29166,68814.0
29167,132122.0
29168,300000.0
29169,150000.0
29170,278000.0
29171,110000.0
29172,50000.0
29173,125000.0
29174,295000.0
29175,1150000.0
29176,320000.0
29177,170658.0
29178,71566.0
29179,61500.0
29180,92000.0
29181,99092.0
29182,167000.0
29183,44041.0
29184,219000.0
29185,68000.0
29186,49546.0
29187,99000.0
29188,189001.0
29189,199500.0
29190,98000.0
29191,96339.0
29192,120000.0
29193,64000.0
29194,82000.0
29195,880815.0
29196,110102.0
29197,635000.0
29198,170000.0
29199,125000.0
29200,129000.0
29201,60556.0
29202,127000.0
29203,69000.0
29204,89000.0
29205,147812.0
29206,185000.0
29207,62000.0
29208,130000.0
29209,82576.0
29210,125000.0
29211,184421.0
29212,125000.0
29213,45417.0
29214,105000.0
29215,56000.0
29216,73000.0
29217,149900.0
29218,42000.0
29219,200000.0
29220,35783.0
29221,49500.0
29222,88081.0
29223,150000.0
29224,35783.0
29225,61932.0
29226,125000.0
29227,53950.0
29228,120000.0
29229,128000.0
29230,63309.0
29231,545000.0
29232,108000.0
29233,153000.0
29234,96500.0
29235,130000.0
29236,55000.0
29237,128000.0
29238,180000.0
29239,35783.0
29240,53900.0
29241,65000.0
29242,69900.0
29243,127000.0
29244,114000.0
29245,285000.0
29246,61932.0
29247,220000.0
29248,103000.0
29249,65000.0
29250,150000.0
29251,120000.0
29252,145087.0
29253,250000.0
29254,206441.0
29255,48720.0
29256,110000.0
29257,60900.0
29258,2500000.0
29259,74319.0
29260,42664.0
29261,165000.0
29262,324800.0
29263,138900.0
29264,1300000.0
29265,279000.0
29266,20369.0
29267,66061.0
29268,45000.0
29269,79000.0
29270,125000.0
29271,96339.0
29272,45417.0
29273,137627.0
29274,99000.0
29275,110000.0
29276,60000.0
29277,285000.0
29278,200000.0
29279,330306.0
29280,46793.0
29281,42664.0
29282,41000.0
29283,123865.0
29284,105000.0
29285,90000.0
29286,155000.0
29287,120000.0
29288,330306.0
29289,80000.0
29290,130000.0
29291,150000.0
29292,95000.0
29293,63309.0
29294,46793.0
29295,95000.0
29296,57803.0
29297,98000.0
29298,60000.0
29299,55999.0
29300,233966.0
29301,165000.0
29302,88000.0
29303,159648.0
29304,161000.0
29305,159648.0
29306,90834.0
29307,130000.0
29308,49546.0
29309,77071.0
29310,135000.0
29311,22020.0
29312,82576.0
29313,100000.0
29314,108726.0
29315,93000.0
29316,60000.0
29317,130000.0
29318,185000.0
29319,50000.0
29320,44000.0
29321,145885.0
29322,106977.0
29323,71566.0
29324,180000.0
29325,633086.0
29326,130000.0
29327,83000.0
29328,79900.0
29329,270000.0
29330,70000.0
29331,190000.0
29332,176163.0
29333,78448.0
29334,83000.0
29335,23947.0
29336,78760.0
29337,371594.0
29338,130000.0
29339,125000.0
29340,41013.0
29341,75000.0
29342,77000.0
29343,178915.0
29344,49500.0
29345,59000.0
29346,69000.0
29347,298000.0
29348,128000.0
29349,560878.0
29350,80000.0
29351,181118.0
29352,316543.0
29353,120000.0
29354,110000.0
29355,103220.0
29356,155000.0
29357,95000.0
29358,82576.0
29359,45314.0
29360,38536.0
29361,65000.0
29362,23397.0
29363,119736.0
29364,126617.0
29365,75000.0
29366,75000.0
29367,173000.0
29368,86000.0
29369,100000.0
29370,107349.0
29371,340000.0
29372,152000.0
29373,61932.0
29374,127608.0
29375,80000.0
29376,94027.0
29377,294522.0
29378,108000.0
29379,119000.0
29380,50000.0
29381,61932.0
29382,262000.0
29383,104000.0
29384,230000.0
29385,120000.0
29386,316543.0
29387,192678.0
29388,49000.0
29389,64000.0
29390,198183.0
29391,71566.0
29392,118000.0
29393,269805.0
29394,200000.0
29395,110000.0
29396,184421.0
29397,41288.0
29398,265000.0
29399,132000.0
29400,165000.0
29401,330000.0
29402,57803.0
29403,70190.0
29404,360000.0
29405,90834.0
29406,950000.0
29407,150000.0
29408,850000.0
29409,129900.0
29410,46518.0
29411,184900.0
29412,385356.0
29413,440000.0
29414,99000.0
29415,75000.0
29416,66061.0
29417,650000.0
29418,399119.0
29419,240000.0
29420,110000.0
29421,258000.0
29422,180000.0
29423,90000.0
29424,61932.0
29425,170000.0
29426,96339.0
29427,86000.0
29428,114231.0
29429,105000.0
29430,160000.0
29431,151390.0
29432,117178.0
29433,59900.0
29434,118359.0
29435,165153.0
29436,90834.0
29437,109000.0
29438,72000.0
29439,88081.0
29440,150000.0
29441,86320.0
29442,170000.0
29443,198000.0
29444,64000.0
29445,99092.0
29446,54200.0
29447,26975.0
29448,72942.0
29449,509221.0
29450,119000.0
29451,130000.0
29452,99000.0
29453,123865.0
29454,79500.0
29455,89900.0
29456,110000.0
29457,109551.0
29458,94500.0
29459,150000.0
29460,163776.0
29461,37000.0
29462,73900.0
29463,230000.0
29464,620000.0
29465,247729.0
29466,150014.0
29467,135000.0
29468,60556.0
29469,85000.0
29470,44041.0
29471,90000.0
29472,98000.0
29473,88000.0
29474,688137.0
29475,94000.0
29476,86705.0
29477,95000.0
29478,145000.0
29479,275255.0
29480,80000.0
29481,77071.0
29482,125000.0
29483,49546.0
29484,72942.0
29485,42664.0
29486,89500.0
29487,55000.0
29488,247729.0
29489,360000.0
29490,445000.0
29491,73279.0
29492,140000.0
29493,79796.0
29494,82576.0
29495,110000.0
29496,82576.0
29497,115607.0
29498,60000.0
29499,178915.0
29500,124000.0
29501,573721.0
29502,75000.0
29503,35783.0
29504,79824.0
29505,41288.0
29506,19268.0
29507,180000.0
29508,240000.0
29509,159648.0
29510,47000.0
29511,189600.0
29512,89500.0
29513,73000.0
29514,350000.0
29515,140000.0
29516,25500.0
29517,138000.0
29518,129000.0
29519,125000.0
29520,549900.0
29521,85100.0
29522,120000.0
29523,100000.0
29524,169282.0
29525,178915.0
29526,75000.0
29527,1200000.0
29528,80300.0
29529,135000.0
29530,162400.0
29531,79000.0
29532,187173.0
29533,74319.0
29534,82000.0
29535,580000.0
29536,74000.0
29537,110000.0
29538,67000.0
29539,176163.0
29540,55000.0
29541,355000.0
29542,88000.0
29543,99092.0
29544,85000.0
29545,151390.0
29546,145000.0
29547,56210.0
29548,77071.0
29549,211946.0
29550,225000.0
29551,41013.0
29552,108000.0
29553,107349.0
29554,107349.0
29555,389000.0
29556,119000.0
29557,78000.0
29558,60900.0
29559,34407.0
29560,107349.0
29561,860000.0
29562,52298.0
29563,69000.0
29564,42664.0
29565,250000.0
29566,110000.0
29567,58696.0
29568,85000.0
29569,107000.0
29570,155000.0
29571,160000.0
29572,64000.0
29573,125000.0
29574,75000.0
29575,100000.0
29576,79000.0
29577,85000.0
29578,19268.0
29579,80000.0
29580,37000.0
29581,140000.0
29582,200000.0
29583,92000.0
29584,350000.0
29585,56000.0
29586,140000.0
29587,260000.0
29588,83700.0
29589,132122.0
29590,150000.0
29591,1087256.0
29592,130000.0
29593,190000.0
29594,125000.0
29595,200000.0
29596,158000.0
29597,110000.0
29598,825764.0
29599,140000.0
29600,82900.0
29601,64000.0
29602,192678.0
29603,85000.0
29604,420000.0
29605,46000.0
29606,80000.0
29607,28076.0
29608,79000.0
29609,743187.0
29610,54000.0
29611,90000.0
29612,98000.0
29613,95000.0
29614,95000.0
29615,75000.0
29616,80000.0
29617,158000.0
29618,175000.0
29619,170000.0
29620,104000.0
29621,89000.0
29622,68814.0
29623,215000.0
29624,49500.0
29625,171000.0
29626,38536.0
29627,185000.0
29628,137627.0
29629,33031.0
29630,58000.0
29631,75000.0
29632,99092.0
29633,31654.0
29634,44990.0
29635,555000.0
29636,68000.0
29637,49000.0
29638,105000.0
29639,120000.0
29640,149000.0
29641,187173.0
29642,75000.0
29643,128900.0
29644,59900.0
29645,119000.0
29646,47000.0
29647,98266.0
29648,85000.0
29649,290000.0
29650,67437.0
29651,206441.0
29652,130000.0
29653,95000.0
29654,90834.0
29655,100000.0
29656,71566.0
29657,206441.0
29658,82576.0
29659,99000.0
29660,192678.0
29661,72000.0
29662,190000.0
29663,120000.0
29664,286782.0
29665,125000.0
29666,55000.0
29667,185000.0
29668,140000.0
29669,129000.0
29670,50000.0
29671,590000.0
29672,690000.0
29673,52298.0
29674,118000.0
29675,185000.0
29676,260000.0
29677,30772.0
29678,55000.0
29679,192000.0
29680,79000.0
29681,115000.0
29682,2100000.0
29683,103000.0
29684,79824.0
29685,110000.0
29686,85000.0
29687,79000.0
29688,83953.0
29689,47000.0
29690,690000.0
29691,187000.0
29692,122488.0
29693,115000.0
29694,49500.0
29695,210000.0
29696,169000.0
29697,80000.0
29698,75000.0
29699,70000.0
29700,1100000.0
29701,190000.0
29702,160000.0
29703,290000.0
29704,230000.0
29705,50000.0
29706,230000.0
29707,165000.0
29708,89733.0
29709,60556.0
29710,138000.0
29711,173410.0
29712,1250000.0
29713,96000.0
29714,135000.0
29715,190330.0
29716,1600000.0
29717,72942.0
29718,87000.0
29719,195000.0
29720,420000.0
29721,143132.0
29722,182000.0
29723,83000.0
29724,67500.0
29725,65000.0
29726,65000.0
29727,230000.0
29728,95000.0
29729,123865.0
29730,187000.0
29731,95000.0
29732,1200000.0
29733,75000.0
29734,217451.0
29735,205234.0
29736,99092.0
29737,123865.0
29738,55051.0
29739,79000.0
29740,189000.0
29741,118000.0
29742,199000.0
29743,168000.0
29744,134875.0
29745,120000.0
29746,89000.0
29747,230000.0
29748,47000.0
29749,66061.0
29750,120000.0
29751,44000.0
29752,135000.0
29753,107349.0
29754,104597.0
29755,171000.0
29756,68814.0
29757,55000.0
29758,118910.0
29759,169282.0
29760,399119.0
29761,1500000.0
29762,75000.0
29763,129370.0
29764,101844.0
29765,49546.0
29766,119000.0
29767,104597.0
29768,195000.0
29769,89000.0
29770,83900.0
29771,26975.0
29772,30278.0
29773,47000.0
29774,110000.0
29775,119000.0
29776,69500.0
29777,130000.0
29778,138000.0
29779,335000.0
29780,302780.0
29781,76000.0
29782,660611.0
29783,65000.0
29784,186000.0
29785,99000.0
29786,139000.0
29787,130000.0
29788,688137.0
29789,85000.0
29790,65000.0
29791,125000.0
29792,66061.0
29793,550000.0
29794,61932.0
29795,233000.0
29796,217451.0
29797,100000.0
29798,63900.0
29799,450000.0
29800,153042.0
29801,865000.0
29802,470000.0
29803,41288.0
29804,124000.0
29805,101844.0
29806,118359.0
29807,48170.0
29808,130000.0
29809,82000.0
29810,100000.0
29811,150000.0
29812,115000.0
29813,44000.0
29814,112000.0
29815,220204.0
29816,89458.0
29817,77071.0
29818,130000.0
29819,84900.0
29820,330306.0
29821,230001.0
29822,159648.0
29823,62500.0
29824,162000.0
29825,125000.0
29826,148637.0
29827,151390.0
29828,76796.0
29829,62000.0
29830,69000.0
29831,49518.0
29832,95000.0
29833,344068.0
29834,165153.0
29835,75000.0
29836,103500.0
29837,147000.0
29838,249000.0
29839,89000.0
29840,97000.0
29841,49546.0
29842,150000.0
29843,134875.0
29844,66061.0
29845,260000.0
29846,52298.0
29847,68814.0
29848,53900.0
29849,93000.0
29850,61932.0
29851,1299997.0
29852,115000.0
29853,79000.0
29854,128500.0
29855,60556.0
29856,63309.0
29857,179000.0
29858,180000.0
29859,41288.0
29860,63309.0
29861,66000.0
29862,34407.0
29863,55800.0
29864,750000.0
29865,30000.0
29866,139000.0
29867,490000.0
29868,103900.0
29869,240000.0
29870,56000.0
29871,66061.0
29872,60000.0
29873,95000.0
29874,156895.0
29875,44591.0
29876,98500.0
29877,129700.0
29878,66061.0
29879,105000.0
29880,210000.0
29881,50138.0
29882,85329.0
29883,73000.0
29884,269750.0
29885,165830.0
29886,85000.0
29887,63309.0
29888,130000.0
29889,148637.0
29890,185000.0
29891,52298.0
29892,115000.0
29893,75695.0
29894,65000.0
29895,55051.0
29896,64000.0
29897,95000.0
29898,126067.0
29899,550509.0
29900,89000.0
29901,300000.0
29902,65900.0
29903,87000.0
29904,85000.0
29905,74319.0
29906,92000.0
29907,130000.0
29908,37000.0
29909,105973.0
29910,230000.0
29911,130000.0
29912,115000.0
29913,159000.0
29914,149000.0
29915,187000.0
29916,150000.0
29917,67000.0
29918,135000.0
29919,64000.0
29920,192000.0
29921,58000.0
29922,175000.0
29923,97400.0
29924,430000.0
29925,214699.0
29926,49000.0
29927,63000.0
29928,80000.0
29929,187173.0
29930,250000.0
29931,55000.0
29932,49546.0
29933,132122.0
29934,150000.0
29935,115000.0
29936,180000.0
29937,99092.0
29938,330306.0
29939,87000.0
29940,45417.0
29941,66650.0
29942,85000.0
29943,48170.0
29944,162000.0
29945,160000.0
29946,149000.0
29947,125000.0
29948,74319.0
29949,76000.0
29950,100000.0
29951,67437.0
29952,57000.0
29953,305000.0
29954,49500.0
29955,185000.0
29956,200000.0
29957,357831.0
29958,99092.0
29959,71566.0
29960,40738.0
29961,210570.0
29962,80000.0
29963,52000.0
29964,130000.0
29965,105000.0
29966,50000.0
29967,59180.0
29968,687000.0
29969,89458.0
29970,75000.0
29971,55051.0
29972,48000.0
29973,104000.0
29974,125000.0
29975,62000.0
29976,89458.0
29977,249000.0
29978,169000.0
29979,66061.0
29980,83000.0
29981,1950000.0
29982,266997.0
29983,109000.0
29984,88500.0
29985,115000.0
29986,71300.0
29987,76246.0
29988,68000.0
29989,93000.0
29990,168000.0
29991,52298.0
29992,125000.0
29993,72942.0
29994,175000.0
29995,62000.0
29996,82768.0
29997,125000.0
29998,155000.0
29999,81200.0
30000,90000.0
30001,93587.0
30002,102000.0
30003,97800.0
30004,210000.0
30005,300000.0
30006,2500000.0
30007,60000.0
30008,63033.0
30009,33031.0
30010,70000.0
30011,77071.0
30012,226000.0
30013,63309.0
30014,165000.0
30015,730000.0
30016,69500.0
30017,375000.0
30018,302780.0
30019,125000.0
30020,260000.0
30021,170000.0
30022,79000.0
30023,53675.0
30024,88081.0
30025,273878.0
30026,44041.0
30027,124000.0
30028,59180.0
30029,84000.0
30030,140000.0
30031,218000.0
30032,278000.0
30033,84000.0
30034,144509.0
30035,112854.0
30036,48000.0
30037,330306.0
30038,310000.0
30039,95000.0
30040,99600.0
30041,224000.0
30042,51000.0
30043,135000.0
30044,79824.0
30045,48170.0
30046,54000.0
30047,235000.0
30048,90834.0
30049,137000.0
30050,145885.0
30051,217451.0
30052,231214.0
30053,109827.0
30054,88000.0
30055,100000.0
30056,240000.0
30057,120000.0
30058,120000.0
30059,1100000.0
30060,178915.0
30061,50000.0
30062,380000.0
30063,50000.0
30064,110000.0
30065,54000.0
30066,85000.0
30067,120000.0
30068,116000.0
30069,72000.0
30070,295000.0
30071,60006.0
30072,53675.0
30073,87000.0
30074,82000.0
30075,72000.0
30076,71000.0
30077,100000.0
30078,79824.0
30079,100000.0
30080,63900.0
30081,40000.0
30082,261492.0
30083,73000.0
30084,260000.0
30085,31654.0
30086,169282.0
30087,159000.0
30088,35800.0
30089,137000.0
30090,52298.0
30091,62000.0
30092,225000.0
30093,94000.0
30094,122488.0
30095,173410.0
30096,498000.0
30097,459000.0
30098,104597.0
30099,66000.0
30100,33031.0
30101,59455.0
30102,109001.0
30103,99000.0
30104,92000.0
30105,123865.0
30106,165000.0
30107,82400.0
30108,105000.0
30109,115000.0
30110,206441.0
30111,105000.0
30112,77071.0
30113,85000.0
30114,89000.0
30115,115000.0
30116,415000.0
30117,95000.0
30118,495000.0
30119,77000.0
30120,83000.0
30121,434902.0
30122,840000.0
30123,129000.0
30124,31500.0
30125,84000.0
30126,195000.0
30127,158271.0
30128,49900.0
30129,169999.0
30130,50372.0
30131,140000.0
30132,140661.0
30133,78192.0
30134,80000.0
30135,115000.0
30136,250000.0
30137,70000.0
30138,230000.0
30139,225000.0
30140,27250.0
30141,149000.0
30142,22020.0
30143,135000.0
30144,135000.0
30145,125000.0
30146,160000.0
30147,160000.0
30148,55051.0
30149,159900.0
30150,57803.0
30151,130000.0
30152,94000.0
30153,49500.0
30154,126617.0
30155,118000.0
30156,135000.0
30157,62000.0
30158,120000.0
30159,57000.0
30160,65000.0
30161,26424.0
30162,95000.0
30163,77000.0
30164,95000.0
30165,140380.0
30166,170000.0
30167,120000.0
30168,64000.0
30169,70190.0
30170,61000.0
30171,870000.0
30172,244977.0
30173,536746.0
30174,127000.0
30175,99500.0
30176,170795.0
30177,65000.0
30178,89000.0
30179,410129.0
30180,325000.0
30181,125000.0
30182,95000.0
30183,240000.0
30184,54000.0
30185,495458.0
30186,647000.0
30187,68814.0
30188,103500.0
30189,14000.0
30190,151390.0
30191,56500.0
30192,145000.0
30193,124000.0
30194,214699.0
30195,90834.0
30196,130000.0
30197,300000.0
30198,129370.0
30199,82301.0
30200,109000.0
30201,154143.0
30202,153042.0
30203,70000.0
30204,101844.0
30205,61657.0
30206,87000.0
30207,79000.0
30208,188257.0
30209,65500.0
30210,105000.0
30211,126617.0
30212,298651.0
30213,90834.0
30214,138000.0
30215,55051.0
30216,43000.0
30217,87000.0
30218,225709.0
30219,75000.0
30220,125000.0
30221,37159.0
30222,68814.0
30223,426645.0
30224,150000.0
30225,120000.0
30226,177000.0
30227,49900.0
30228,110000.0
30229,94000.0
30230,550000.0
30231,94500.0
30232,1050000.0
30233,38260.0
30234,137000.0
30235,83000.0
30236,78000.0
30237,88081.0
30238,80000.0
30239,1600000.0
30240,154143.0
30241,220000.0
30242,119800.0
30243,121600.0
30244,99000.0
30245,50922.0
30246,92000.0
30247,215000.0
30248,68814.0
30249,89500.0
30250,15000.0
30251,310000.0
30252,450000.0
30253,70190.0
30254,511466.0
30255,54900.0
30256,275255.0
30257,105760.0
30258,145000.0
30259,98000.0
30260,76796.0
30261,105000.0
30262,66061.0
30263,180000.0
30264,126617.0
30265,129500.0
30266,129000.0
30267,333081.0
30268,170658.0
30269,63309.0
30270,46793.0
30271,66061.0
30272,75000.0
30273,135000.0
30274,45417.0
30275,103500.0
30276,95000.0
30277,47000.0
30278,81751.0
30279,247729.0
30280,129370.0
30281,130000.0
30282,165000.0
30283,115000.0
30284,154143.0
30285,590000.0
30286,48000.0
30287,97000.0
30288,265000.0
30289,275255.0
30290,64134.0
30291,42500.0
30292,89500.0
30293,238000.0
30294,89000.0
30295,244977.0
30296,79000.0
30297,46793.0
30298,350000.0
30299,129900.0
30300,750000.0
30301,59180.0
30302,135000.0
30303,165000.0
30304,115000.0
30305,545000.0
30306,47000.0
30307,189000.0
30308,182999.0
30309,41288.0
30310,1395007.0
30311,46793.0
30312,230000.0
30313,102000.0
30314,133498.0
30315,79000.0
30316,65900.0
30317,95000.0
30318,440000.0
30319,63309.0
30320,354900.0
30321,180000.0
30322,53000.0
30323,83000.0
30324,56427.0
30325,74319.0
30326,150000.0
30327,240000.0
30328,165000.0
30329,42000.0
30330,93000.0
30331,145000.0
30332,100600.0
30333,119000.0
30334,220000.0
30335,100000.0
30336,3000000.0
30337,63309.0
30338,115607.0
30339,465180.0
30340,68814.0
30341,65000.0
30342,324800.0
30343,260000.0
30344,88081.0
30345,105000.0
30346,119000.0
30347,106000.0
30348,142000.0
30349,117000.0
30350,130000.0
30351,83900.0
30352,110000.0
30353,178915.0
30354,62000.0
30355,269750.0
30356,81000.0
30357,134411.0
30358,140000.0
30359,138000.0
30360,80000.0
30361,45000.0
30362,220000.0
30363,50000.0
30364,87000.0
30365,75000.0
30366,78000.0
30367,165000.0
30368,85000.0
30369,65000.0
30370,78700.0
30371,357831.0
30372,77071.0
30373,192128.0
30374,448000.0
30375,79824.0
30376,45000.0
30377,509221.0
30378,115000.0
30379,74500.0
30380,448000.0
30381,285000.0
30382,128000.0
30383,72000.0
30384,95000.0
30385,83900.0
30386,63309.0
30387,195000.0
30388,96339.0
30389,65000.0
30390,150000.0
30391,69500.0
30392,149000.0
30393,99000.0
30394,1000000.0
30395,37159.0
30396,261492.0
30397,115000.0
30398,79000.0
30399,81000.0
30400,380000.0
30401,70000.0
30402,78448.0
30403,209194.0
30404,95000.0
30405,90000.0
30406,74000.0
30407,129000.0
30408,125000.0
30409,85000.0
30410,45417.0
30411,205000.0
30412,88081.0
30413,260000.0
30414,238000.0
30415,45000.0
30416,158000.0
30417,530000.0
30418,48170.0
30419,129000.0
30420,163000.0
30421,59730.0
30422,70000.0
30423,750000.0
30424,82900.0
30425,420000.0
30426,65000.0
30427,90000.0
30428,112400.0
30429,238000.0
30430,125000.0
30431,80729.0
30432,97715.0
30433,98000.0
30434,235000.0
30435,95000.0
30436,78000.0
30437,55051.0
30438,830000.0
30439,77071.0
30440,289017.0
30441,47000.0
30442,95000.0
30443,95000.0
30444,87482.0
30445,93000.0
30446,69000.0
30447,60000.0
30448,820000.0
30449,261492.0
30450,56700.0
30451,95000.0
30452,23000.0
30453,599900.0
30454,105000.0
30455,72000.0
30456,50922.0
30457,110000.0
30458,188549.0
30459,53262.0
30460,95000.0
30461,189000.0
30462,38000.0
30463,350000.0
30464,426645.0
30465,185000.0
30466,41839.0
30467,129000.0
30468,190000.0
30469,1280000.0
30470,100000.0
30471,190000.0
30472,233000.0
30473,75000.0
30474,130000.0
30475,139900.0
30476,54776.0
30477,37159.0
30478,87026.0
30479,265000.0
30480,109000.0
30481,88081.0
30482,51748.0
30483,120000.0
30484,165000.0
30485,130000.0
30486,90000.0
30487,102000.0
30488,88000.0
30489,87000.0
30490,395000.0
30491,105000.0
30492,63309.0
30493,316543.0
30494,64685.0
30495,146000.0
30496,78000.0
30497,171000.0
30498,60556.0
30499,1600000.0
30500,130000.0
30501,96339.0
30502,38536.0
30503,328000.0
30504,87000.0
30505,95000.0
30506,66061.0
30507,49500.0
30508,53000.0
30509,86000.0
30510,47500.0
30511,79000.0
30512,77071.0
30513,185000.0
30514,168000.0
30515,94000.0
30516,99900.0
30517,116983.0
30518,70000.0
30519,53000.0
30520,55000.0
30521,120000.0
30522,130000.0
30523,108000.0
30524,48000.0
30525,180292.0
30526,44041.0
30527,136251.0
30528,78448.0
30529,205000.0
30530,43353.0
30531,125000.0
30532,125000.0
30533,42000.0
30534,180000.0
30535,41288.0
30536,63000.0
30537,260941.0
30538,74319.0
30539,150000.0
30540,126617.0
30541,77071.0
30542,90000.0
30543,35783.0
30544,55051.0
30545,107000.0
30546,64000.0
30547,90834.0
30548,145000.0
30549,35783.0
30550,99000.0
30551,130000.0
30552,35783.0
30553,85054.0
30554,92000.0
30555,57900.0
30556,180213.0
30557,490000.0
30558,53900.0
30559,74900.0
30560,260000.0
30561,178915.0
30562,150000.0
30563,880000.0
30564,90000.0
30565,148637.0
30566,89500.0
30567,80000.0
30568,150000.0
30569,200000.0
30570,143132.0
30571,47344.0
30572,150000.0
30573,370000.0
30574,230000.0
30575,184421.0
30576,160000.0
30577,73900.0
30578,85000.0
30579,179972.0
30580,69000.0
30581,134900.0
30582,53900.0
30583,105973.0
30584,233966.0
30585,825764.0
30586,65900.0
30587,600000.0
30588,98251.0
30589,48170.0
30590,88081.0
30591,123865.0
30592,264500.0
30593,490750.0
30594,87000.0
30595,49500.0
30596,152078.0
30597,44041.0
30598,107500.0
30599,302780.0
30600,100000.0
30601,96339.0
30602,79000.0
30603,90000.0
30604,245000.0
30605,87000.0
30606,159648.0
30607,63309.0
30608,28076.0
30609,39912.0
30610,69999.0
30611,310184.0
30612,233966.0
30613,69000.0
30614,33031.0
30615,189500.0
30616,77071.0
30617,186000.0
30618,169282.0
30619,68814.0
30620,136000.0
30621,89458.0
30622,86000.0
30623,215001.0
30624,66061.0
30625,87000.0
30626,71566.0
30627,130000.0
30628,104597.0
30629,330000.0
30630,120000.0
30631,115607.0
30632,20644.0
30633,154000.0
30634,85000.0
30635,170000.0
30636,28902.0
30637,132000.0
30638,99000.0
30639,83000.0
30640,78000.0
30641,114000.0
30642,163873.0
30643,210000.0
30644,399119.0
30645,119999.0
30646,60000.0
30647,37159.0
30648,233966.0
30649,148637.0
30650,119999.0
30651,112854.0
30652,38000.0
30653,115607.0
30654,74319.0
30655,89458.0
30656,85000.0
30657,99000.0
30658,64000.0
30659,55000.0
30660,68814.0
30661,40000.0
30662,82576.0
30663,74000.0
30664,62400.0
30665,94963.0
30666,72942.0
30667,180000.0
30668,140000.0
30669,145885.0
30670,39912.0
30671,350000.0
30672,70000.0
30673,215000.0
30674,124999.0
30675,348000.0
30676,41288.0
30677,149000.0
30678,96339.0
30679,110102.0
30680,192000.0
30681,149730.0
30682,206441.0
30683,107900.0
30684,85000.0
30685,41288.0
30686,255000.0
30687,85000.0
30688,420000.0
30689,416172.0
30690,85000.0
30691,75000.0
30692,129370.0
30693,48000.0
30694,151390.0
30695,480000.0
30696,70000.0
30697,53000.0
30698,129920.0
30699,355000.0
30700,83402.0
30701,228000.0
30702,104000.0
30703,170000.0
30704,40000.0
30705,125000.0
30706,169000.0
30707,123865.0
30708,125000.0
30709,1299999.0
30710,66061.0
30711,120000.0
30712,135000.0
30713,77071.0
30714,63309.0
30715,360000.0
30716,38536.0
30717,151390.0
30718,80000.0
30719,55051.0
30720,69500.0
30721,46793.0
30722,56000.0
30723,65000.0
30724,60556.0
30725,1604320.0
30726,98000.0
30727,300000.0
30728,310000.0
30729,45000.0
30730,65900.0
30731,60000.0
30732,49500.0
30733,178000.0
30734,59500.0
30735,46000.0
30736,95000.0
30737,250000.0
30738,138000.0
30739,180000.0
30740,67685.0
30741,107900.0
30742,38000.0
30743,121600.0
30744,440000.0
30745,225000.0
30746,189000.0
30747,220000.0
30748,165000.0
30749,190000.0
30750,93587.0
30751,140000.0
30752,200000.0
30753,80000.0
30754,98000.0
30755,52298.0
30756,77000.0
30757,90000.0
30758,86000.0
30759,79000.0
30760,450000.0
30761,53675.0
30762,100000.0
30763,65000.0
30764,106000.0
30765,71566.0
30766,200000.0
30767,80000.0
30768,130000.0
30769,103500.0
30770,316543.0
30771,162400.0
30772,66900.0
30773,151390.0
30774,94000.0
30775,44041.0
30776,45417.0
30777,520000.0
30778,63999.0
30779,59900.0
30780,181160.0
30781,64900.0
30782,120000.0
30783,163776.0
30784,95000.0
30785,177848.0
30786,62000.0
30787,240000.0
30788,55000.0
30789,79900.0
30790,175000.0
30791,109276.0
30792,87000.0
30793,222956.0
30794,44041.0
30795,125000.0
30796,50000.0
30797,51430.0
30798,95000.0
30799,178915.0
30800,108000.0
30801,110102.0
30802,35783.0
30803,93587.0
30804,135000.0
30805,66061.0
30806,68500.0
30807,210000.0
30808,53675.0
30809,67437.0
30810,69000.0
30811,127000.0
30812,68814.0
30813,340000.0
30814,78000.0
30815,227911.0
30816,130000.0
30817,65000.0
30818,55000.0
30819,44041.0
30820,52298.0
30821,67000.0
30822,88000.0
30823,77071.0
30824,186000.0
30825,175000.0
30826,300000.0
30827,165000.0
30828,810000.0
30829,92500.0
30830,66000.0
30831,85000.0
30832,72942.0
30833,185000.0
30834,195000.0
30835,43353.0
30836,71000.0
30837,2300001.0
30838,62000.0
30839,41288.0
30840,48170.0
30841,70000.0
30842,2200000.0
30843,1750000.0
30844,799000.0
30845,180000.0
30846,55000.0
30847,180000.0
30848,86705.0
30849,234500.0
30850,55000.0
30851,165000.0
30852,47000.0
30853,220000.0
30854,990000.0
30855,118000.0
30856,639967.0
30857,92900.0
30858,85000.0
30859,63309.0
30860,244977.0
30861,132122.0
30862,134875.0
30863,96339.0
30864,159000.0
30865,95000.0
30866,168000.0
30867,65000.0
30868,35233.0
30869,120000.0
30870,30278.0
30871,54000.0
30872,239000.0
30873,135000.0
30874,59000.0
30875,87000.0
30876,206441.0
30877,149000.0
30878,118000.0
30879,75000.0
30880,54000.0
30881,115607.0
30882,126617.0
30883,930000.0
30884,128000.0
30885,90000.0
30886,150000.0
30887,165000.0
30888,65000.0
30889,760000.0
30890,90834.0
30891,77000.0
30892,150000.0
30893,150000.0
30894,225000.0
30895,204736.0
30896,53675.0
30897,88170.0
30898,71000.0
30899,49900.0
30900,175000.0
30901,440407.0
30902,33306.0
30903,66061.0
30904,60556.0
30905,175000.0
30906,1150007.0
30907,672998.0
30908,173410.0
30909,136526.0
30910,69900.0
30911,143132.0
30912,60000.0
30913,170000.0
30914,90000.0
30915,218000.0
30916,150000.0
30917,93000.0
30918,52000.0
30919,43490.0
30920,180000.0
30921,79824.0
30922,111000.0
30923,62500.0
30924,44000.0
30925,160000.0
30926,72500.0
30927,76999.0
30928,47000.0
30929,60000.0
30930,39900.0
30931,170000.0
30932,1490000.0
30933,165100.0
30934,72600.0
30935,68000.0
30936,435000.0
30937,153000.0
30938,50000.0
30939,39000.0
30940,88081.0
30941,49546.0
30942,120000.0
30943,45417.0
30944,26000.0
30945,213000.0
30946,145885.0
30947,180000.0
30948,140000.0
30949,90834.0
30950,62000.0
30951,105000.0
30952,105100.0
30953,49500.0
30954,63000.0
30955,80000.0
30956,38536.0
30957,75000.0
30958,63309.0
30959,77071.0
30960,86000.0
30961,99000.0
30962,39761.0
30963,39600.0
30964,160000.0
30965,78900.0
30966,96339.0
30967,50000.0
30968,62000.0
30969,20000.0
30970,49500.0
30971,120000.0
30972,145000.0
30973,75000.0
30974,247729.0
30975,82000.0
30976,63000.0
30977,110000.0
30978,173410.0
30979,45142.0
30980,89900.0
30981,215000.0
30982,63900.0
30983,49500.0
30984,213000.0
30985,83000.0
30986,238000.0
30987,103000.0
30988,72000.0
30989,77071.0
30990,153000.0
30991,120000.0
30992,174500.0
30993,75000.0
30994,120000.0
30995,190000.0
30996,145000.0
30997,1600000.0
30998,238000.0
30999,126590.0
31000,100000.0
31001,105000.0
31002,150000.0
31003,229000.0
31004,209194.0
31005,57803.0
31006,65000.0
31007,85000.0
31008,357969.0
31009,75000.0
31010,122213.0
31011,344068.0
31012,105000.0
31013,72000.0
31014,148637.0
31015,187173.0
31016,31654.0
31017,22500.0
31018,344068.0
31019,46243.0
31020,87000.0
31021,115000.0
31022,80000.0
31023,95000.0
31024,152000.0
31025,90834.0
31026,170658.0
31027,112000.0
31028,61932.0
31029,143132.0
31030,120000.0
31031,109000.0
31032,115000.0
31033,40400.0
31034,140000.0
31035,70000.0
31036,122900.0
31037,344068.0
31038,63000.0
31039,121112.0
31040,85000.0
31041,210000.0
31042,63309.0
31043,195000.0
31044,77071.0
31045,85000.0
31046,29727.0
31047,54500.0
31048,54500.0
31049,100468.0
31050,96339.0
31051,220000.0
31052,165000.0
31053,830000.0
31054,123865.0
31055,72500.0
31056,64000.0
31057,71016.0
31058,109800.0
31059,206441.0
31060,128793.0
31061,82576.0
31062,49546.0
31063,35783.0
31064,79273.0
31065,100000.0
31066,119000.0
31067,220000.0
31068,105000.0
31069,88081.0
31070,59180.0
31071,169171.0
31072,93036.0
31073,324900.0
31074,99092.0
31075,410000.0
31076,95000.0
31077,150000.0
31078,180000.0
31079,335000.0
31080,60000.0
31081,245802.0
31082,52000.0
31083,109000.0
31084,644000.0
31085,62000.0
31086,250000.0
31087,118084.0
31088,110102.0
31089,72000.0
31090,55051.0
31091,174511.0
31092,90834.0
31093,685384.0
31094,46518.0
31095,79824.0
31096,75000.0
31097,138000.0
31098,145000.0
31099,69000.0
31100,80000.0
31101,42664.0
31102,97500.0
31103,950000.0
31104,140000.0
31105,41000.0
31106,79824.0
31107,40738.0
31108,129370.0
31109,47900.0
31110,96064.0
31111,105000.0
31112,115607.0
31113,118000.0
31114,81200.0
31115,195000.0
31116,118473.0
31117,530000.0
31118,69000.0
31119,66061.0
31120,128000.0
31121,273878.0
31122,82576.0
31123,134875.0
31124,50922.0
31125,173410.0
31126,150000.0
31127,57000.0
31128,299000.0
31129,50922.0
31130,110000.0
31131,138000.0
31132,129000.0
31133,78000.0
31134,313345.0
31135,238000.0
31136,69000.0
31137,39000.0
31138,75000.0
31139,130000.0
31140,205000.0
31141,51180.0
31142,715662.0
31143,124000.0
31144,230000.0
31145,54900.0
31146,240000.0
31147,119736.0
31148,67000.0
31149,75000.0
31150,260000.0
31151,92000.0
31152,57803.0
31153,110102.0
31154,75000.0
31155,390000.0
31156,570000.0
31157,240000.0
31158,85000.0
31159,79500.0
31160,104597.0
31161,480000.0
31162,150000.0
31163,98500.0
31164,189000.0
31165,97882.0
31166,44041.0
31167,149000.0
31168,137627.0
31169,108147.0
31170,66061.0
31171,69000.0
31172,92000.0
31173,148000.0
31174,62900.0
31175,43000.0
31176,215000.0
31177,148637.0
31178,100000.0
31179,305007.0
31180,239472.0
31181,70000.0
31182,88000.0
31183,85000.0
31184,145000.0
31185,125000.0
31186,110000.0
31187,55000.0
31188,99000.0
31189,99000.0
31190,130000.0
31191,61932.0
31192,50000.0
31193,215000.0
31194,110000.0
31195,200936.0
31196,26149.0
31197,95000.0
31198,214000.0
31199,129370.0
31200,214699.0
31201,770000.0
31202,97000.0
31203,93000.0
31204,143132.0
31205,284000.0
31206,400000.0
31207,195000.0
31208,184421.0
31209,74900.0
31210,175000.0
31211,150000.0
31212,195000.0
31213,60000.0
31214,105000.0
31215,67000.0
31216,220000.0
31217,35233.0
31218,133015.0
31219,160000.0
31220,78000.0
31221,489250.0
31222,89000.0
31223,750000.0
31224,630000.0
31225,150000.0
31226,136500.0
31227,125900.0
31228,95000.0
31229,92000.0
31230,199500.0
31231,115000.0
31232,1299999.0
31233,40000.0
31234,230000.0
31235,54776.0
31236,454170.0
31237,54000.0
31238,173397.0
31239,66061.0
31240,61932.0
31241,55051.0
31242,220000.0
31243,269000.0
31244,98000.0
31245,89000.0
31246,159563.0
31247,151390.0
31248,88081.0
31249,94500.0
31250,69800.0
31251,19268.0
31252,184421.0
31253,64500.0
31254,195000.0
31255,55000.0
31256,88000.0
31257,137036.0
31258,55000.0
31259,175000.0
31260,49500.0
31261,101844.0
31262,93500.0
31263,151390.0
31264,65000.0
31265,55051.0
31266,136251.0
31267,52296.0
31268,55000.0
31269,210000.0
31270,50096.0
31271,66061.0
31272,90000.0
31273,420001.0
31274,42664.0
31275,35783.0
31276,57000.0
31277,151390.0
31278,65000.0
31279,149000.0
31280,135000.0
31281,44000.0
31282,155000.0
31283,62900.0
31284,158000.0
31285,189000.0
31286,65000.0
31287,670000.0
31288,66061.0
31289,119736.0
31290,148362.0
31291,175000.0
31292,80000.0
31293,530000.0
31294,109551.0
31295,53675.0
31296,110000.0
31297,132122.0
31298,214699.0
31299,44041.0
31300,82576.0
31301,850000.0
31302,20644.0
31303,94000.0
31304,60000.0
31305,34407.0
31306,72000.0
31307,184000.0
31308,136251.0
31309,210000.0
31310,120000.0
31311,162400.0
31312,157800.0
31313,35783.0
31314,357831.0
31315,143132.0
31316,69000.0
31317,75000.0
31318,53000.0
31319,47000.0
31320,115000.0
31321,110000.0
31322,69500.0
31323,860000.0
31324,270000.0
31325,199560.0
31326,85000.0
31327,66000.0
31328,170000.0
31329,123865.0
31330,380000.0
31331,55000.0
31332,206441.0
31333,145000.0
31334,90000.0
31335,285000.0
31336,63000.0
31337,85000.0
31338,305000.0
31339,349900.0
31340,93587.0
31341,89000.0
31342,80000.0
31343,265000.0
31344,35000.0
31345,44041.0
31346,55000.0
31347,143132.0
31348,182000.0
31349,79824.0
31350,206441.0
31351,98000.0
31352,145885.0
31353,93009.0
31354,448104.0
31355,1060000.0
31356,140000.0
31357,78000.0
31358,460000.0
31359,116983.0
31360,93000.0
31361,259000.0
31362,64000.0
31363,270000.0
31364,143960.0
31365,120000.0
31366,99092.0
31367,94500.0
31368,248000.0
31369,78448.0
31370,16515.0
31371,59180.0
31372,107000.0
31373,220000.0
31374,77071.0
31375,88500.0
31376,220341.0
31377,74319.0
31378,55000.0
31379,66061.0
31380,85000.0
31381,90000.0
31382,148000.0
31383,26149.0
31384,90000.0
31385,133000.0
31386,425000.0
31387,64000.0
31388,123865.0
31389,118000.0
31390,61932.0
31391,220000.0
31392,120000.0
31393,85329.0
31394,130000.0
31395,51748.0
31396,13212.0
31397,120000.0
31398,75695.0
31399,208000.0
31400,169000.0
31401,226000.0
31402,192065.0
31403,108726.0
31404,110102.0
31405,12000.0
31406,130000.0
31407,115000.0
31408,118359.0
31409,315000.0
31410,85000.0
31411,1550000.0
31412,118359.0
31413,56000.0
31414,560000.0
31415,37815.0
31416,90000.0
31417,125000.0
31418,465180.0
31419,95000.0
31420,147857.0
31421,40462.0
31422,569777.0
31423,375000.0
31424,104000.0
31425,90000.0
31426,60556.0
31427,126000.0
31428,90834.0
31429,131000.0
31430,1020000.0
31431,440407.0
31432,56427.0
31433,152000.0
31434,54000.0
31435,74319.0
31436,70190.0
31437,74319.0
31438,350000.0
31439,60000.0
31440,85000.0
31441,138000.0
31442,178915.0
31443,158000.0
31444,81200.0
31445,530000.0
31446,86988.0
31447,71566.0
31448,125000.0
31449,150000.0
31450,269750.0
31451,96339.0
31452,495458.0
31453,54000.0
31454,222956.0
31455,112854.0
31456,110000.0
31457,90000.0
31458,80000.0
31459,60000.0
31460,105973.0
31461,29727.0
31462,66061.0
31463,160000.0
31464,171000.0
31465,230000.0
31466,91029.0
31467,105000.0
31468,210000.0
31469,48000.0
31470,95000.0
31471,185000.0
31472,55000.0
31473,125500.0
31474,90834.0
31475,242000.0
31476,74900.0
31477,93587.0
31478,11111.0
31479,75000.0
31480,129000.0
31481,930000.0
31482,237000.0
31483,95000.0
31484,80000.0
31485,180000.0
31486,115000.0
31487,25500.0
31488,150000.0
31489,249000.0
31490,50922.0
31491,70190.0
31492,53500.0
31493,169850.0
31494,55000.0
31495,71566.0
31496,89000.0
31497,47000.0
31498,75145.0
31499,169000.0
31500,238000.0
31501,125000.0
31502,316543.0
31503,125000.0
31504,170000.0
31505,80000.0
31506,125000.0
31507,70000.0
31508,48995.0
31509,66000.0
31510,99000.0
31511,107349.0
31512,98816.0
31513,567000.0
31514,48900.0
31515,129000.0
31516,52298.0
31517,230000.0
31518,38536.0
31519,34407.0
31520,125000.0
31521,308285.0
31522,25000.0
31523,79000.0
31524,72100.0
31525,330306.0
31526,44041.0
31527,169900.0
31528,650000.0
31529,149000.0
31530,37132.0
31531,220000.0
31532,68814.0
31533,135000.0
31534,70000.0
31535,174500.0
31536,495458.0
31537,153000.0
31538,247729.0
31539,399119.0
31540,35783.0
31541,80000.0
31542,298000.0
31543,130000.0
31544,38536.0
31545,50000.0
31546,119000.0
31547,115000.0
31548,930000.0
31549,84990.0
31550,163000.0
31551,163000.0
31552,97500.0
31553,130000.0
31554,118359.0
31555,489250.0
31556,143132.0
31557,38536.0
31558,198000.0
31559,194000.0
31560,57000.0
31561,39000.0
31562,188549.0
31563,176163.0
31564,26000.0
31565,124002.0
31566,121112.0
31567,260000.0
31568,78900.0
31569,75000.0
31570,93000.0
31571,185000.0
31572,68814.0
31573,62000.0
31574,89000.0
31575,49546.0
31576,218827.0
31577,142600.0
31578,39086.0
31579,69000.0
31580,83900.0
31581,82900.0
31582,121000.0
31583,71566.0
31584,75000.0
31585,93000.0
31586,200000.0
31587,92000.0
31588,52000.0
31589,83000.0
31590,225000.0
31591,99000.0
31592,335000.0
31593,150000.0
31594,112854.0
31595,62000.0
31596,21470.0
31597,120000.0
31598,87000.0
31599,57803.0
31600,225000.0
31601,231000.0
31602,328000.0
31603,300000.0
31604,130000.0
31605,167000.0
31606,132122.0
31607,67437.0
31608,165000.0
31609,115607.0
31610,83677.0
31611,119074.0
31612,63309.0
31613,56427.0
31614,135000.0
31615,28902.0
31616,202312.0
31617,72117.0
31618,122369.0
31619,165153.0
31620,69000.0
31621,55051.0
31622,240000.0
31623,39000.0
31624,189000.0
31625,521685.0
31626,47000.0
31627,78000.0
31628,71566.0
31629,158000.0
31630,75000.0
31631,40738.0
31632,79824.0
31633,67000.0
31634,86000.0
31635,125000.0
31636,48170.0
31637,570000.0
31638,185109.0
31639,57000.0
31640,126617.0
31641,88081.0
31642,115000.0
31643,157000.0
31644,172000.0
31645,174500.0
31646,117900.0
31647,67437.0
31648,38536.0
31649,99000.0
31650,206441.0
31651,80000.0
31652,27525.0
31653,35783.0
31654,85000.0
31655,169500.0
31656,110000.0
31657,49500.0
31658,172000.0
31659,82576.0
31660,126617.0
31661,170658.0
31662,110000.0
31663,265000.0
31664,52298.0
31665,289293.0
31666,145000.0
31667,38000.0
31668,151390.0
31669,77071.0
31670,178915.0
31671,182630.0
31672,195000.0
31673,55051.0
31674,83953.0
31675,105973.0
31676,44041.0
31677,132122.0
31678,560000.0
31679,140000.0
31680,52298.0
31681,63309.0
31682,56427.0
31683,108000.0
31684,139000.0
31685,50922.0
31686,80000.0
31687,97000.0
31688,97400.0
31689,327553.0
31690,104597.0
31691,63309.0
31692,58900.0
31693,129094.0
31694,63309.0
31695,230000.0
31696,420000.0
31697,63309.0
31698,65000.0
31699,96339.0
31700,107000.0
31701,189500.0
31702,86500.0
31703,105000.0
31704,64685.0
31705,129900.0
31706,55000.0
31707,82000.0
31708,138000.0
31709,195800.0
31710,695000.0
31711,83000.0
31712,140000.0
31713,113000.0
31714,152000.0
31715,412882.0
31716,54000.0
31717,85000.0
31718,85000.0
31719,133746.0
31720,35783.0
31721,49546.0
31722,125000.0
31723,125000.0
31724,224333.0
31725,75000.0
31726,125000.0
31727,60000.0
31728,58000.0
31729,350000.0
31730,113000.0
31731,169500.0
31732,120000.0
31733,260000.0
31734,335000.0
31735,104597.0
31736,115000.0
31737,35783.0
31738,151390.0
31739,135000.0
31740,181668.0
31741,330000.0
31742,55000.0
31743,152096.0
31744,88081.0
31745,71900.0
31746,129000.0
31747,330306.0
31748,110000.0
31749,115000.0
31750,130000.0
31751,123865.0
31752,49000.0
31753,45000.0
31754,140000.0
31755,104597.0
31756,249000.0
31757,130746.0
31758,97500.0
31759,600000.0
31760,107349.0
31761,85329.0
31762,96339.0
31763,79824.0
31764,81200.0
31765,64685.0
31766,93000.0
31767,72942.0
31768,85000.0
31769,135000.0
31770,525000.0
31771,135000.0
31772,60556.0
31773,535000.0
31774,260000.0
31775,139000.0
31776,68900.0
31777,415000.0
31778,65000.0
31779,77000.0
31780,187173.0
31781,160000.0
31782,183000.0
31783,78448.0
31784,260000.0
31785,68000.0
31786,130000.0
31787,316543.0
31788,138000.0
31789,410000.0
31790,66061.0
31791,173000.0
31792,88081.0
31793,92000.0
31794,105000.0
31795,295000.0
31796,87085.0
31797,92000.0
31798,75000.0
31799,430000.0
31800,79500.0
31801,71566.0
31802,72000.0
31803,68814.0
31804,145000.0
31805,118900.0
31806,99092.0
31807,83953.0
31808,265000.0
31809,198183.0
31810,310000.0
31811,239000.0
31812,47000.0
31813,335000.0
31814,178915.0
31815,640000.0
31816,68900.0
31817,73900.0
31818,116983.0
31819,240000.0
31820,54500.0
31821,205000.0
31822,108000.0
31823,107500.0
31824,350000.0
31825,169500.0
31826,109278.0
31827,67000.0
31828,113405.0
31829,275000.0
31830,40000.0
31831,187173.0
31832,51500.0
31833,150000.0
31834,500000.0
31835,165153.0
31836,270000.0
31837,161000.0
31838,138000.0
31839,138000.0
31840,55000.0
31841,140000.0
31842,104597.0
31843,165000.0
31844,49500.0
31845,395000.0
31846,118359.0
31847,109900.0
31848,68000.0
31849,142080.0
31850,205000.0
31851,210000.0
31852,147261.0
31853,260000.0
31854,72000.0
31855,59900.0
31856,53000.0
31857,68814.0
31858,75000.0
31859,50000.0
31860,45417.0
31861,76900.0
31862,180000.0
31863,180000.0
31864,264500.0
31865,59900.0
31866,59990.0
31867,275000.0
31868,115000.0
31869,165676.0
31870,238000.0
31871,146500.0
31872,220000.0
31873,139000.0
31874,155000.0
31875,130471.0
31876,60556.0
31877,230000.0
31878,163776.0
31879,85000.0
31880,410000.0
31881,75000.0
31882,94955.0
31883,83000.0
31884,74319.0
31885,199000.0
31886,50000.0
31887,118359.0
31888,89800.0
31889,122488.0
31890,40000.0
31891,66061.0
31892,235000.0
31893,73000.0
31894,60556.0
31895,59180.0
31896,176333.0
31897,68000.0
31898,210000.0
31899,82000.0
31900,228000.0
31901,120000.0
31902,69900.0
31903,121112.0
31904,130000.0
31905,138000.0
31906,79000.0
31907,107000.0
31908,108000.0
31909,67000.0
31910,72000.0
31911,175000.0
31912,85000.0
31913,104597.0
31914,70000.0
31915,88000.0
31916,48000.0
31917,86000.0
31918,79000.0
31919,733000.0
31920,187173.0
31921,92000.0
31922,61000.0
31923,148000.0
31924,69000.0
31925,95000.0
31926,83953.0
31927,100000.0
31928,35508.0
31929,595000.0
31930,1680000.0
31931,31654.0
31932,265000.0
31933,52298.0
31934,98000.0
31935,156000.0
31936,289017.0
31937,145000.0
31938,170000.0
31939,85000.0
31940,150000.0
31941,115000.0
31942,357831.0
31943,280000.0
31944,60556.0
31945,118500.0
31946,98000.0
31947,110000.0
31948,57000.0
31949,67437.0
31950,135000.0
31951,100000.0
31952,169000.0
31953,40738.0
31954,65000.0
31955,78448.0
31956,80000.0
31957,580000.0
31958,140661.0
31959,88081.0
31960,87000.0
31961,130000.0
31962,60556.0
31963,169000.0
31964,195431.0
31965,310000.0
31966,212034.0
31967,121112.0
31968,75695.0
31969,105000.0
31970,78448.0
31971,48170.0
31972,235000.0
31973,90000.0
31974,385356.0
31975,60289.0
31976,77071.0
31977,118000.0
31978,180000.0
31979,48500.0
31980,141000.0
31981,85000.0
31982,53360.0
31983,130000.0
31984,120000.0
31985,55000.0
31986,225000.0
31987,75000.0
31988,52805.0
31989,150000.0
31990,60000.0
31991,48170.0
31992,97715.0
31993,46000.0
31994,640000.0
31995,67500.0
31996,115000.0
31997,185000.0
31998,83000.0
31999,92000.0
32000,70000.0
32001,74319.0
32002,149999.0
32003,60000.0
32004,90000.0
32005,125000.0
32006,160000.0
32007,160000.0
32008,115000.0
32009,138000.0
32010,52298.0
32011,185000.0
32012,83500.0
32013,54500.0
32014,60000.0
32015,330306.0
32016,109000.0
32017,92000.0
32018,145000.0
32019,114700.0
32020,98000.0
32021,125000.0
32022,58500.0
32023,89000.0
32024,90000.0
32025,75695.0
32026,100000.0
32027,55051.0
32028,152000.0
32029,90834.0
32030,110102.0
32031,54776.0
32032,50000.0
32033,112854.0
32034,55000.0
32035,68814.0
32036,66061.0
32037,71500.0
32038,57803.0
32039,1050000.0
32040,151390.0
32041,60000.0
32042,154000.0
32043,89000.0
32044,68500.0
32045,220000.0
32046,145000.0
32047,110900.0
32048,890000.0
32049,61932.0
32050,170000.0
32051,211946.0
32052,190000.0
32053,178000.0
32054,155000.0
32055,116983.0
32056,205000.0
32057,192678.0
32058,135000.0
32059,43765.0
32060,150014.0
32061,70000.0
32062,96339.0
32063,85000.0
32064,255000.0
32065,47000.0
32066,199680.0
32067,130000.0
32068,467933.0
32069,230000.0
32070,90284.0
32071,98000.0
32072,160000.0
32073,200000.0
32074,75695.0
32075,126617.0
